Front,Back,Tags
Czym różni się uczenie nadzorowane od nienadzorowanego?,"W uczeniu nadzorowanym próbki mają etykiety i model uczy się mapowania wejścia na cel. W nienadzorowanym model szuka struktury bez jawnych etykiet, np. klastrów lub reprezentacji. Modele w pracy były trenowane głównie nadzorowanie.",Bank_37+:_uczenie_maszynowe Bank_37_plus
"Czym różni się klasyfikacja, regresja, detekcja i segmentacja?","Klasyfikacja przypisuje klasę całej próbce, regresja przewiduje wartości ciągłe, detekcja przewiduje klasy i położenia wielu obiektów, a segmentacja przypisuje etykietę pikselom.",Bank_37+:_uczenie_maszynowe Bank_37_plus
Czym jest funkcja straty?,To różniczkowalna miara błędu używana do obliczenia gradientu i aktualizacji wag. Nie musi być identyczna z metryką raportowaną użytkownikowi.,Bank_37+:_uczenie_maszynowe Bank_37_plus
Dlaczego strata walidacyjna i końcowa metryka mogą dawać inny ranking modeli?,"Strata jest lokalnym celem optymalizacji, a metryka może obejmować progi, ranking confidence, NMS, klasy, całe strony lub percepcję. Dobra optymalizacja surrogate loss nie gwarantuje najlepszego wyniku zadaniowego.",Bank_37+:_uczenie_maszynowe Bank_37_plus
Co to jest gradient descent?,Metoda aktualizacji parametrów w kierunku przeciwnym do gradientu funkcji straty. Learning rate określa wielkość kroku.,Bank_37+:_uczenie_maszynowe Bank_37_plus
Czym różni się SGD od Adam?,"SGD korzysta bezpośrednio z gradientu, często z momentum. Adam adaptuje krok dla każdego parametru na podstawie estymat pierwszego i drugiego momentu gradientu, zwykle szybciej osiągając dobre rozwiązanie.",Bank_37+:_uczenie_maszynowe Bank_37_plus
Czym AdamW różni się od Adam z naiwnym L2?,AdamW rozdziela weight decay od adaptacyjnej aktualizacji gradientu. Dzięki temu regularyzacja ma bardziej przewidywalne działanie.,Bank_37+:_uczenie_maszynowe Bank_37_plus
Co to jest learning rate?,"To współczynnik określający wielkość aktualizacji wag. Zbyt wysoki powoduje niestabilność, a zbyt niski bardzo wolne uczenie lub utknięcie.",Bank_37+:_uczenie_maszynowe Bank_37_plus
Po co stosuje się scheduler learning rate?,"Pozwala zmniejszać krok, gdy trening przestaje się poprawiać. W OMR użyto ReduceLROnPlateau, który reaguje na brak poprawy monitorowanej metryki.",Bank_37+:_uczenie_maszynowe Bank_37_plus
"Co to jest epoch, batch i optimizer step?","Epoch to przejście przez zbiór treningowy, batch to grupa próbek przetwarzanych razem, a optimizer step to pojedyncza aktualizacja wag. Ta sama liczba epok nie gwarantuje tej samej liczby kroków, jeśli zbiory mają różną wielkość.",Bank_37+:_uczenie_maszynowe Bank_37_plus
Co to jest batch size i jak wpływa na trening?,"Określa liczbę próbek używanych do jednego gradientu. Większy batch daje stabilniejszy gradient, ale wymaga więcej pamięci. W OMR batch 1 wynikał z dużych obrazów i wielu obiektów.",Bank_37+:_uczenie_maszynowe Bank_37_plus
Co to jest overfitting?,"Model uczy się szczegółów danych treningowych, które nie generalizują. Objawia się poprawą treningu przy pogarszaniu lub stagnacji walidacji.",Bank_37+:_uczenie_maszynowe Bank_37_plus
Jak ograniczać overfitting?,"Większa liczba danych, augmentacja, weight decay, dropout, early stopping, prostszy model, transfer learning i poprawny podział danych.",Bank_37+:_uczenie_maszynowe Bank_37_plus
Co to jest underfitting?,"Model jest zbyt prosty, za krótko trenowany lub źle optymalizowany i nie osiąga dobrego wyniku nawet na danych treningowych.",Bank_37+:_uczenie_maszynowe Bank_37_plus
Co to jest early stopping?,"Zatrzymanie treningu po określonej liczbie epok bez wystarczającej poprawy walidacji. Ogranicza przeuczenie i koszt, ale zależy od jakości zbioru walidacyjnego.",Bank_37+:_uczenie_maszynowe Bank_37_plus
Co to jest dropout?,Podczas treningu losowo zeruje część aktywacji. Zmusza model do rozproszenia informacji i działa jak regularyzacja. W inferencji dropout jest wyłączony.,Bank_37+:_uczenie_maszynowe Bank_37_plus
Co to jest weight decay?,"Kara za duże wartości wag, która ogranicza złożoność rozwiązania. W AdamW jest stosowana jako bezpośrednie zmniejszanie parametrów.",Bank_37+:_uczenie_maszynowe Bank_37_plus
Co to jest gradient clipping?,"Ograniczenie normy lub wartości gradientu. Chroni przed eksplozją gradientów, szczególnie w modelach sekwencyjnych i niestabilnych treningach.",Bank_37+:_uczenie_maszynowe Bank_37_plus
Co to jest mixed precision?,"Używanie niższej precyzji, np. FP16, tam gdzie jest bezpieczna, oraz FP32 dla wrażliwych operacji. Zmniejsza pamięć i przyspiesza trening na GPU.",Bank_37+:_uczenie_maszynowe Bank_37_plus
Czym jest seed losowy?,"Wartość inicjalizująca generatory liczb losowych. Pomaga odtwarzać eksperyment, ale jeden seed nie opisuje zmienności metody.",Bank_37+:_uczenie_maszynowe Bank_37_plus
Co to jest hiperparametr?,"Parametr ustalany poza procesem uczenia, np. learning rate, batch size, liczba warstw, próg confidence, rozmiar kafla lub siła augmentacji.",Bank_37+:_uczenie_maszynowe Bank_37_plus
Czym różni się parametr modelu od hiperparametru?,"Parametry, np. wagi sieci, są uczone przez optymalizację. Hiperparametry są wybierane przez badacza lub zewnętrzny algorytm strojenia.",Bank_37+:_uczenie_maszynowe Bank_37_plus
Co to jest transfer learning?,"Wykorzystanie modelu lub encodera wytrenowanego wcześniej na innym zadaniu. Może przyspieszyć uczenie i poprawić generalizację, ale domena źródłowa może być niedopasowana.",Bank_37+:_uczenie_maszynowe Bank_37_plus
Co to jest fine-tuning?,"Dalszy trening wstępnie wyuczonego modelu na nowym zbiorze lub rozkładzie danych, zwykle z mniejszym learning rate.",Bank_37+:_uczenie_maszynowe Bank_37_plus
Co to jest ablation study?,"Kontrolowane usunięcie albo zmiana składnika systemu w celu określenia jego wpływu. W pracy przykładem jest porównanie źródła F: score, blend i predicted. 0",Bank_37+:_uczenie_maszynowe Bank_37_plus
Co to jest baseline?,"Punkt odniesienia, który powinien być poprawnie zaimplementowany i oceniany na tych samych danych oraz metrykach. Pozwala stwierdzić, czy złożone rozwiązanie rzeczywiście coś poprawia.",Bank_37+:_uczenie_maszynowe Bank_37_plus
Co to jest data leakage?,"Przepływ informacji z walidacji lub testu do treningu albo wyboru modelu. Powoduje optymistyczny wynik, który może nie powtórzyć się na nowych danych.",Bank_37+:_uczenie_maszynowe Bank_37_plus
Co to jest domain shift?,"Różnica rozkładu pomiędzy danymi treningowymi i docelowymi, np. czyste syntetyczne partytury kontra zdjęcia z telefonu.",Bank_37+:_uczenie_maszynowe Bank_37_plus
Co to jest class imbalance?,"Duża różnica liczby przykładów klas. Model może ignorować rzadkie klasy lub faworyzować tło. Rozwiązania obejmują ważenie strat, sampling, focal loss i augmentację.",Bank_37+:_uczenie_maszynowe Bank_37_plus
Dlaczego dokładność nie zawsze jest dobrą metryką?,"Przy niezbalansowanych klasach można osiągnąć wysoką accuracy, ignorując klasę rzadką. W segmentacji tekstu prawie wszystkie piksele są tłem.",Bank_37+:_uczenie_maszynowe Bank_37_plus
Co oznacza istotność statystyczna?,"Ocena, czy obserwowana różnica jest mało prawdopodobna przy założeniu braku realnego efektu. W uczeniu maszynowym należy dodatkowo raportować rozmiar efektu, wariancję i praktyczne znaczenie różnicy.",Bank_37+:_uczenie_maszynowe Bank_37_plus
Dlaczego warto raportować średnią i odchylenie po wielu seedach?,Pokazują typowy wynik oraz stabilność metody. Pojedynczy najlepszy run może być szczęśliwym przypadkiem. 4. Pytania ogólne: przetwarzanie obrazu i lokalizacja tekstu,Bank_37+:_uczenie_maszynowe Bank_37_plus
Co to jest obraz rastrowy?,"Macierz pikseli. Każdy piksel przechowuje wartość jasności lub kanały barw. Rozdzielczość określa liczbę pikseli, a nie fizyczny rozmiar dokumentu.",Bank_37+:_obraz_i_lokalizacja_tekstu Bank_37_plus
Co to jest binaryzacja obrazu?,"Przekształcenie obrazu do dwóch klas, zwykle atrament i tło. Może być globalna lub adaptacyjna. Jest użyteczna w morfologii i analizie pięciolinii.",Bank_37+:_obraz_i_lokalizacja_tekstu Bank_37_plus
Czym różni się progowanie globalne od adaptacyjnego?,"Globalne używa jednego progu dla całego obrazu. Adaptacyjne wyznacza próg lokalnie, więc lepiej radzi sobie z nierównym oświetleniem, ale może wzmacniać lokalny szum.",Bank_37+:_obraz_i_lokalizacja_tekstu Bank_37_plus
Co to jest erozja?,"Operacja morfologiczna zmniejszająca jasny obszar maski. Może usuwać drobny szum i rozdzielać połączone elementy, ale może zniszczyć cienkie znaki.",Bank_37+:_obraz_i_lokalizacja_tekstu Bank_37_plus
Co to jest dylatacja?,"Powiększa jasny obszar maski. Łączy bliskie fragmenty i wzmacnia cienkie elementy, ale może scalać osobne obiekty.",Bank_37+:_obraz_i_lokalizacja_tekstu Bank_37_plus
Czym są opening i closing?,"Opening to erozja, a potem dylatacja: usuwa małe jasne elementy. Closing to dylatacja, a potem erozja: zamyka przerwy i łączy bliskie fragmenty.",Bank_37+:_obraz_i_lokalizacja_tekstu Bank_37_plus
Co to jest kontur?,Granica spójnego obszaru maski. Analiza konturów pozwala obliczyć pole i bounding box regionu.,Bank_37+:_obraz_i_lokalizacja_tekstu Bank_37_plus
Co to jest connected component?,Maksymalny zbiór sąsiadujących pikseli tej samej klasy. Jest alternatywnym sposobem wyznaczania regionów po segmentacji.,Bank_37+:_obraz_i_lokalizacja_tekstu Bank_37_plus
Czym różni się segmentacja semantyczna od detekcji?,"Segmentacja przewiduje klasę każdego piksela, a detekcja zwraca prostokąty i klasy obiektów. Segmentacja daje dokładniejszy kształt, detekcja prostsze instancje.",Bank_37+:_obraz_i_lokalizacja_tekstu Bank_37_plus
Czym różni się segmentacja semantyczna od instancyjnej?,Semantyczna łączy wszystkie obiekty tej samej klasy w jedną maskę klasową. Instancyjna rozróżnia osobne obiekty.,Bank_37+:_obraz_i_lokalizacja_tekstu Bank_37_plus
Jak działa konwolucja?,"Mały filtr przesuwa się po obrazie i oblicza ważoną sumę lokalnego sąsiedztwa. Uczone filtry wykrywają krawędzie, tekstury i bardziej złożone wzorce.",Bank_37+:_obraz_i_lokalizacja_tekstu Bank_37_plus
Co to jest kernel konwolucyjny?,Macierz uczonych wag stosowana lokalnie do obrazu lub mapy cech. Rozmiar kernela wpływa na lokalny kontekst i koszt.,Bank_37+:_obraz_i_lokalizacja_tekstu Bank_37_plus
Co to jest padding?,Dodanie wartości wokół obrazu przed konwolucją. Pozwala kontrolować rozmiar wyjścia i zachować informacje przy krawędziach.,Bank_37+:_obraz_i_lokalizacja_tekstu Bank_37_plus
Co to jest stride konwolucji?,Krok przesuwania filtra. Stride większy od 1 zmniejsza rozdzielczość mapy cech.,Bank_37+:_obraz_i_lokalizacja_tekstu Bank_37_plus
Co to jest pooling?,"Operacja zmniejszająca rozdzielczość, np. max pooling wybiera maksimum w oknie. Zwiększa pole recepcyjne, ale traci szczegóły przestrzenne.",Bank_37+:_obraz_i_lokalizacja_tekstu Bank_37_plus
Co to jest pole recepcyjne?,"Obszar obrazu wejściowego, który może wpływać na daną aktywację. Głębsze warstwy mają większe pole recepcyjne i widzą szerszy kontekst.",Bank_37+:_obraz_i_lokalizacja_tekstu Bank_37_plus
Jak działa U-Net?,"Encoder kompresuje obraz, decoder odtwarza rozdzielczość, a skip connections przekazują drobne szczegóły z odpowiadających poziomów encodera.",Bank_37+:_obraz_i_lokalizacja_tekstu Bank_37_plus
Po co są skip connections w U-Net?,Downsampling usuwa dokładną informację o położeniu. Skip connections dostarczają decoderowi cechy wysokiej rozdzielczości potrzebne do odtworzenia granic i cienkich liter.,Bank_37+:_obraz_i_lokalizacja_tekstu Bank_37_plus
Jak działa Attention U-Net?,Attention gates obliczają mapę wag dla cech przekazywanych skip connection. Wzmacniają obszary przydatne decoderowi i tłumią część tła.,Bank_37+:_obraz_i_lokalizacja_tekstu Bank_37_plus
Czym jest U-Net++?,"Wariant U-Net z zagnieżdżonymi i gęstymi połączeniami pomiędzy encoderem i decoderem, mający zmniejszyć różnicę semantyczną cech.",Bank_37+:_obraz_i_lokalizacja_tekstu Bank_37_plus
Jak działa DeepLabV3+?,Wykorzystuje atrous convolutions do zbierania kontekstu na kilku skalach oraz decoder poprawiający granice segmentacji.,Bank_37+:_obraz_i_lokalizacja_tekstu Bank_37_plus
Co to jest atrous/dilated convolution?,Konwolucja z odstępami pomiędzy elementami kernela. Zwiększa pole recepcyjne bez proporcjonalnego zwiększenia liczby parametrów i bez dodatkowego downsamplingu.,Bank_37+:_obraz_i_lokalizacja_tekstu Bank_37_plus
Co to jest FPN?,"Feature Pyramid Network łączy głębokie cechy semantyczne z płytszymi cechami wysokiej rozdzielczości, tworząc reprezentacje dla kilku skal obiektów.",Bank_37+:_obraz_i_lokalizacja_tekstu Bank_37_plus
Co to jest BatchNorm?,"Normalizuje aktywacje przy użyciu statystyk batcha, a następnie stosuje uczoną skalę i przesunięcie. Przy bardzo małym batchu statystyki mogą być niestabilne.",Bank_37+:_obraz_i_lokalizacja_tekstu Bank_37_plus
Co to jest GroupNorm?,"Dzieli kanały pojedynczej próbki na grupy i normalizuje każdą grupę. Nie zależy od liczby obrazów w batchu, dlatego jest użyteczna przy batch size 1.",Bank_37+:_obraz_i_lokalizacja_tekstu Bank_37_plus
Czym jest funkcja ReLU?,"ReLU(x) = max(0, x). Wprowadza nieliniowość i jest tania obliczeniowo, ale neurony mogą pozostać nieaktywne dla stale ujemnych wejść.",Bank_37+:_obraz_i_lokalizacja_tekstu Bank_37_plus
Czym jest SiLU?,"SiLU(x) = xσ(x). Jest gładką aktywacją, która zachowuje niewielkie wartości ujemne i była użyta we własnym backbone OMR.",Bank_37+:_obraz_i_lokalizacja_tekstu Bank_37_plus
Dlaczego BCE i Dice Loss można łączyć?,"BCE daje stabilny błąd pikselowy, a Dice bezpośrednio optymalizuje nakładanie się masek i ogranicza wpływ dominującego tła.",Bank_37+:_obraz_i_lokalizacja_tekstu Bank_37_plus
Co robi parametr pos_weight w BCE?,"Zwiększa koszt błędów klasy pozytywnej. W lokalizacji tekstu pomaga, ponieważ pikseli tekstu jest znacznie mniej niż tła.",Bank_37+:_obraz_i_lokalizacja_tekstu Bank_37_plus
Jaka jest różnica między IoU i Dice?,"Obie mierzą nakładanie. IoU dzieli przecięcie przez sumę zbiorów, a Dice podwójne przecięcie przez sumę pól. Dice jest monotonicznie związany z IoU.",Bank_37+:_obraz_i_lokalizacja_tekstu Bank_37_plus
Jak dobiera się próg maski?,"Na zbiorze walidacyjnym, analizując kompromis precision–recall i wpływ na dalszy pipeline. Zbyt niski próg generuje false positives, zbyt wysoki pomija tekst. 5. Pytania ogólne: OCR",Bank_37+:_obraz_i_lokalizacja_tekstu Bank_37_plus
Czym jest OCR?,"Optical Character Recognition to przekształcanie obrazu tekstu do sekwencji znaków. Może obejmować detekcję tekstu, korekcję regionów i rozpoznawanie.",Bank_37+:_OCR Bank_37_plus
Jak działa CRNN?,"CNN tworzy mapę cech obrazu, wymiar poziomy jest traktowany jako sekwencja, BiLSTM modeluje kontekst, a głowica CTC przewiduje znaki bez jawnego dopasowania ich do pikseli.",Bank_37+:_OCR Bank_37_plus
"Dlaczego wysokość obrazu jest kompresowana, a szerokość zachowywana?","Tekst jest czytany od lewej do prawej. Wysokość zawiera kształt znaków, który można skompresować do cech, natomiast szerokość reprezentuje kolejność znaków.",Bank_37+:_OCR Bank_37_plus
Co to jest RNN?,Sieć przetwarzająca sekwencję z ukrytym stanem przenoszącym informację pomiędzy krokami. Klasyczne RNN mają problem z długimi zależnościami i zanikaniem gradientu.,Bank_37+:_OCR Bank_37_plus
Jak działa LSTM?,"Używa stanu komórki oraz bramek wejścia, zapominania i wyjścia, aby kontrolować przepływ informacji. Ułatwia modelowanie dłuższych zależności.",Bank_37+:_OCR Bank_37_plus
Co oznacza BiLSTM?,"Dwa LSTM przetwarzają sekwencję w przeciwnych kierunkach. Ich reprezentacje są łączone, dzięki czemu znak korzysta z kontekstu po obu stronach.",Bank_37+:_OCR Bank_37_plus
Co to jest residual block w ResNet?,"Blok uczący poprawkę F (x), którą dodaje się do wejścia. Skrót pomaga propagacji gradientu i uczeniu głębszych modeli.",Bank_37+:_OCR Bank_37_plus
Jak działa CTC?,"Model przewiduje dłuższą sekwencję etykiet i blanków. CTC sumuje prawdopodobieństwa monotonicznych ścieżek, które po usunięciu blanków i scaleniu powtórzeń dają tekst docelowy.",Bank_37+:_OCR Bank_37_plus
Po co CTC używa blank tokenu?,"Oznacza brak znaku w danym kroku i pozwala rozdzielać powtarzające się litery, które inaczej zostałyby scalone.",Bank_37+:_OCR Bank_37_plus
Jakie założenie ma CTC?,Kolejność etykiet jest monotoniczna względem wejścia. CTC nie modeluje swobodnych przestawień znaków.,Bank_37+:_OCR Bank_37_plus
Czym różni się greedy decoding od beam search?,Greedy wybiera najlepszą klasę w każdym kroku. Beam search utrzymuje kilka hipotez pełnej sekwencji i może łączyć wynik z modelem językowym.,Bank_37+:_OCR Bank_37_plus
Dlaczego beam search może być lepszy?,Najbardziej prawdopodobna lokalna decyzja nie musi tworzyć najbardziej prawdopodobnego pełnego napisu. Beam search uwzględnia alternatywne ścieżki.,Bank_37+:_OCR Bank_37_plus
Co to jest charset?,Zbiór znaków rozpoznawanych przez model. Liczba klas CTC to liczba znaków plus blank. Zmiana charsetu bez zgodnego checkpointu powoduje niezgodność głowicy modelu.,Bank_37+:_OCR Bank_37_plus
Dlaczego myślnik jest ważny w OCR partytury?,Może oznaczać podział słowa na sylaby przypisane kolejnym nutom. Jego utrata zmienia synchronizację tekstu i melodii.,Bank_37+:_OCR Bank_37_plus
Co to jest edit distance?,"Minimalna liczba podstawień, usunięć i wstawień potrzebnych do zmiany jednego napisu w drugi. Jest podstawą CER i WER.",Bank_37+:_OCR Bank_37_plus
Jak oblicza się CER?,"S + D + I CER =, N gdzie S, D, I to podstawienia, usunięcia i wstawienia, a N długość referencji.",Bank_37+:_OCR Bank_37_plus
Czym różni się CER od WER?,"CER liczy operacje na znakach, a WER na słowach. CER jest dokładniejszy dla krótkich cropów i sylab, WER lepiej opisuje pełne wypowiedzi.",Bank_37+:_OCR Bank_37_plus
Co to jest exact match accuracy?,"Odsetek próbek, dla których cały napis jest identyczny z referencją. Jeden błędny znak powoduje błąd całej próbki.",Bank_37+:_OCR Bank_37_plus
"Dlaczego CER może być niski, a exact match znacznie niższy?","Wiele napisów może mieć tylko jeden drobny błąd. CER uzna go za małą różnicę, ale exact match odrzuci całą próbkę.",Bank_37+:_OCR Bank_37_plus
Czy CER może przekroczyć 100%?,"Tak, jeżeli model wygeneruje dużo dodatkowych znaków i liczba wstawień przekroczy długość referencji.",Bank_37+:_OCR Bank_37_plus
Jak działa Transformer w OCR?,"Self-attention modeluje zależności pomiędzy wszystkimi pozycjami cech obrazu. Kodowanie pozycyjne informuje o kolejności, a głowica może być CTC lub autoregresyjna.",Bank_37+:_OCR Bank_37_plus
Dlaczego Transformer potrzebuje kodowania pozycyjnego?,Self-attention bez dodatkowej informacji jest niezmienniczy na permutację pozycji i nie zna naturalnej kolejności sekwencji.,Bank_37+:_OCR Bank_37_plus
Jak działa TrOCR?,"Encoder obrazu tworzy reprezentację wizualną, a autoregresyjny Transformer decoder generuje tekst token po tokenie, warunkując kolejny token na poprzednich.",Bank_37+:_OCR Bank_37_plus
Czym TrOCR różni się od modelu Transformer-CTC?,TrOCR używa autoregresyjnego dekodera i jawnie modeluje zależności między wygenerowanymi tokenami. Transformer-CTC przewiduje etykiety równolegle nad osią cech i używa redukcji CTC.,Bank_37+:_OCR Bank_37_plus
Jak poprawić OCR tekstu wokalnego?,"Fine-tuning na partyturach, lepsze cropy, zachowanie pełnych wierszy, beam search, model językowy, słownik i metryki oceniające sylabizację oraz zgodność z liczbą nut. 6. Pytania ogólne: OMR i detekcja obiektów",Bank_37+:_OCR Bank_37_plus
Czym OMR różni się od OCR?,"OMR odtwarza strukturę muzyczną, w której znaczenie symbolu zależy od położenia i relacji. OCR zwykle odczytuje liniową sekwencję znaków.",Bank_37+:_OMR_i_detekcja Bank_37_plus
Dlaczego samo wykrycie notehead nie daje jeszcze nuty?,"Do ustalenia wysokości potrzebne są pięciolinia, klucz i znaki chromatyczne, a do czasu trwania stem, beam, flag, kropka i kontekst rytmiczny.",Bank_37+:_OMR_i_detekcja Bank_37_plus
Czym jest DeepScoresV2?,"Duży syntetyczny zbiór drukowanych partytur do detekcji obiektów muzycznych, zawierający 136 klas, axis-aligned i oriented bounding boxes oraz bardzo wiele małych obiektów.",Bank_37+:_OMR_i_detekcja Bank_37_plus
Jakie są zalety syntetycznych danych OMR?,"Duża skala, precyzyjne i tanie adnotacje, kontrola klas i możliwość automatycznego generowania wielu wariantów.",Bank_37+:_OMR_i_detekcja Bank_37_plus
Jakie są wady syntetycznych danych?,"Brak części cech rzeczywistych zdjęć i skanów, inny rozkład fontów, szumu, układów stron i artefaktów. Model może nauczyć się cech generatora.",Bank_37+:_OMR_i_detekcja Bank_37_plus
Czym różni się wariant dense od complete?,Dense koncentruje się na gęsto anotowanych symbolach i był używany w głównych eksperymentach. Complete obejmuje szerszy wariant danych. Dokładne porównanie wymaga zachowania tego samego protokołu i budżetu.,Bank_37+:_OMR_i_detekcja Bank_37_plus
Jak działa Faster R-CNN?,"Backbone tworzy mapę cech. RPN generuje proposals. RoIAlign pobiera cechy każdego regionu, a drugi etap klasyfikuje obiekt i doprecyzowuje bounding box.",Bank_37+:_OMR_i_detekcja Bank_37_plus
Co to jest backbone detektora?,"Sieć przekształcająca obraz w mapy cech. Jej rozdzielczość, pole recepcyjne i jakość cech wpływają na zdolność wykrywania obiektów.",Bank_37+:_OMR_i_detekcja Bank_37_plus
Co to jest RPN?,"Region Proposal Network przewiduje dla anchors prawdopodobieństwo obiektu i poprawkę boxa, tworząc listę regionów kandydackich dla drugiego etapu.",Bank_37+:_OMR_i_detekcja Bank_37_plus
Co to jest anchor?,"Wstępny prostokąt o określonym rozmiarze i proporcji umieszczany w pozycji mapy cech. Model przewiduje, czy odpowiada obiektowi oraz jak go przesunąć i przeskalować.",Bank_37+:_OMR_i_detekcja Bank_37_plus
Dlaczego w OMR potrzebne są mikro-kotwice?,Wiele symboli ma tylko kilka pikseli po przeskalowaniu. Standardowe anchors z detekcji obrazów naturalnych byłyby zbyt duże.,Bank_37+:_OMR_i_detekcja Bank_37_plus
Dlaczego potrzebne są ekstremalne aspect ratios?,"Stem i barline są cienkie i pionowe, beam oraz staff są długie i poziome, a zwykłe proporcje 0,5–2 nie opisują dobrze ich geometrii.",Bank_37+:_OMR_i_detekcja Bank_37_plus
Jak anchors są przypisywane do ground truth podczas treningu?,"Na podstawie IoU. Kotwice o wysokim IoU stają się pozytywne, o niskim negatywne, a część pośrednich może być ignorowana.",Bank_37+:_OMR_i_detekcja Bank_37_plus
Co to jest objectness?,"Prawdopodobieństwo, że region zawiera dowolny obiekt pierwszoplanowy, niezależnie od jego konkretnej klasy.",Bank_37+:_OMR_i_detekcja Bank_37_plus
Co to jest bounding-box regression?,"Przewidywanie korekty położenia i rozmiaru wstępnego boxa, zwykle jako przesunięcia środka i logarytmiczne zmiany szerokości oraz wysokości.",Bank_37+:_OMR_i_detekcja Bank_37_plus
Co to jest RoIAlign?,"Operacja pobierająca mapę cech o stałym rozmiarze z regionu o dowolnym rozmiarze, używając interpolacji bez brutalnego zaokrąglania współrzędnych.",Bank_37+:_OMR_i_detekcja Bank_37_plus
Czym RoIAlign różni się od RoIPool?,"RoIPool kwantyzuje granice regionu, co powoduje błędy położenia. RoIAlign zachowuje współrzędne zmiennoprzecinkowe i interpoluje cechy.",Bank_37+:_OMR_i_detekcja Bank_37_plus
Co to jest NMS?,"Non-Maximum Suppression usuwa nachodzące detekcje tej samej klasy, pozostawiając najwyżej ocenione boxy.",Bank_37+:_OMR_i_detekcja Bank_37_plus
Jak próg NMS wpływa na wynik?,Niski próg agresywnie usuwa boxy i może skasować bliskie prawdziwe obiekty. Wysoki próg pozostawia więcej duplikatów.,Bank_37+:_OMR_i_detekcja Bank_37_plus
Co to jest confidence score?,Ocena pewności predykcji. Nie musi być dobrze skalibrowanym prawdopodobieństwem. Próg confidence steruje kompromisem precision–recall.,Bank_37+:_OMR_i_detekcja Bank_37_plus
Co to jest IoU?,pole przecięcia IoU =. pole sumy Mierzy nakładanie przewidzianego i referencyjnego boxa.,Bank_37+:_OMR_i_detekcja Bank_37_plus
Dlaczego IoU jest surowe dla małych obiektów?,Przesunięcie o kilka pikseli jest dużą częścią małego boxa i może gwałtownie obniżyć IoU.,Bank_37+:_OMR_i_detekcja Bank_37_plus
Co to jest precision w detekcji?,Odsetek predykcji uznanych za prawdziwe: T P /(T P + F P ).,Bank_37+:_OMR_i_detekcja Bank_37_plus
Co to jest recall w detekcji?,"Odsetek obiektów referencyjnych, które wykryto: T P /(T P + F N ).",Bank_37+:_OMR_i_detekcja Bank_37_plus
Co to jest F1?,"Średnia harmoniczna precision i recall. Jest wysoka tylko wtedy, gdy oba wyniki są wysokie.",Bank_37+:_OMR_i_detekcja Bank_37_plus
Co to jest krzywa precision–recall?,Wykres precision względem recall przy zmianie progu confidence. Pokazuje kompromis pomiędzy fałszywymi predykcjami i pominięciami.,Bank_37+:_OMR_i_detekcja Bank_37_plus
Co to jest AP?,Average Precision to pole pod krzywą precision–recall dla jednej klasy i określonego progu IoU.,Bank_37+:_OMR_i_detekcja Bank_37_plus
Czym różni się AP50 od AP75?,"AP50 wymaga IoU co najmniej 0,5, a AP75 co najmniej 0,75. AP75 silniej ocenia dokładność lokalizacji.",Bank_37+:_OMR_i_detekcja Bank_37_plus
Co oznacza mAP w tej pracy?,"Średnią AP po klasach i progach IoU od 0,50 do 0,95 ze skokiem 0,05.",Bank_37+:_OMR_i_detekcja Bank_37_plus
Dlaczego mAP może nie odpowiadać jakości muzycznej?,"Traktuje klasy według protokołu detekcyjnego, ale błędy różnych symboli mają różny wpływ. Pominięty clef lub notehead może być ważniejszy niż błąd nieużywanej artykulacji.",Bank_37+:_OMR_i_detekcja Bank_37_plus
Co to jest macro-average?,"Średnia, w której każda klasa ma podobną wagę niezależnie od liczby instancji. Podkreśla wyniki klas rzadkich.",Bank_37+:_OMR_i_detekcja Bank_37_plus
Co to jest micro-average?,Agregacja wszystkich instancji przed liczeniem metryki. Jest zdominowana przez klasy częste.,Bank_37+:_OMR_i_detekcja Bank_37_plus
Co to jest support klasy?,Liczba referencyjnych instancji klasy. Wynik klasy z supportem 1 jest znacznie mniej stabilny niż wynik klasy z tysiącami obiektów.,Bank_37+:_OMR_i_detekcja Bank_37_plus
Co to jest output stride backbone’u?,Stosunek przesunięcia na obrazie do przesunięcia o jedną komórkę mapy cech. Stride 8 oznacza mapę dwukrotnie gęstszą w każdym wymiarze niż stride 16.,Bank_37+:_OMR_i_detekcja Bank_37_plus
Dlaczego mniejszy stride pomaga małym obiektom?,Zachowuje więcej szczegółów przestrzennych i daje więcej pozycji cech dla małego symbolu. Kosztem jest większa pamięć i liczba obliczeń.,Bank_37+:_OMR_i_detekcja Bank_37_plus
Dlaczego mniejszy stride może obniżyć recall po degradacji?,"Wyższa rozdzielczość może być bardziej wrażliwa na lokalny szum, a zmiana cech i confidence może prowadzić do bardziej konserwatywnych predykcji. Efekt nie zależy wyłącznie od detalu.",Bank_37+:_OMR_i_detekcja Bank_37_plus
Dlaczego stosuje się kafelkowanie stron?,Pozwala zachować wysoką rozdzielczość symboli bez przetwarzania całej ogromnej strony naraz.,Bank_37+:_OMR_i_detekcja Bank_37_plus
Co się dzieje z symbolem przeciętym granicą kafla?,"Może być częściowo widoczny lub wygenerować słabą predykcję. Overlap daje szansę, że w sąsiednim kaflu będzie widoczny w całości.",Bank_37+:_OMR_i_detekcja Bank_37_plus
Dlaczego za duży kafel może pogorszyć wynik?,"Po dopasowaniu do rozmiaru wejściowego symbole zajmują mniej pikseli, więc model traci szczegóły. Zysk kontekstu nie zawsze to rekompensuje.",Bank_37+:_OMR_i_detekcja Bank_37_plus
Dlaczego za mały kafel może pogorszyć wynik?,Traci szerszy kontekst i częściej przecina długie symbole lub całe systemy.,Bank_37+:_OMR_i_detekcja Bank_37_plus
Co to jest oriented bounding box?,"Ramka lub wielokąt dopasowany do orientacji obiektu, a nie osi obrazu. Lepszy dla ukośnych, cienkich i wydłużonych symboli.",Bank_37+:_OMR_i_detekcja Bank_37_plus
Dlaczego oriented box jest przydatny dla slur i beam?,Axis-aligned box zawiera dużo tła i sąsiednich symboli. Zorientowany wielokąt lepiej opisuje rzeczywistą geometrię.,Bank_37+:_OMR_i_detekcja Bank_37_plus
Co to jest Smooth L1 Loss?,Strata zachowująca się kwadratowo dla małych błędów i liniowo dla dużych. Jest mniej wrażliwa na outliery niż MSE i często używana w regresji boxów.,Bank_37+:_OMR_i_detekcja Bank_37_plus
Jak działają augmentacje geometryczne?,"Zmieniają położenie lub kształt obrazu, np. przez skalę, obrót i perspektywę. Te same transformacje muszą zostać zastosowane do adnotacji.",Bank_37+:_OMR_i_detekcja Bank_37_plus
Jak działają augmentacje fotometryczne?,"Zmieniają wygląd bez zmiany geometrii, np. jasność, kontrast, gamma, szum, blur, JPEG i nierówne oświetlenie.",Bank_37+:_OMR_i_detekcja Bank_37_plus
Co symulują ink spread i ink thinning?,"Rozlewanie i zanikanie atramentu, grubość druku oraz artefakty skanu. Są realizowane operacjami podobnymi do filtrów minimum i maksimum.",Bank_37+:_OMR_i_detekcja Bank_37_plus
Dlaczego augmentacje mogą pogorszyć clean accuracy?,Model przeznacza część pojemności na szerszy rozkład i widzi trudniejsze próbki. Zyskuje odporność kosztem idealnego dopasowania do czystej domeny.,Bank_37+:_OMR_i_detekcja Bank_37_plus
Czym Faster R-CNN różni się od YOLO?,"Faster R-CNN jest dwustopniowy i zwykle dokładniejszy kosztem szybkości. YOLO jest jednostopniowy, szybki i prostszy w inferencji.",Bank_37+:_OMR_i_detekcja Bank_37_plus
Czym jest RetinaNet?,Jednostopniowy detektor wykorzystujący focal loss do ograniczenia dominacji łatwych negatywnych przykładów.,Bank_37+:_OMR_i_detekcja Bank_37_plus
Czym jest FCOS?,"Anchor-free detector, który przewiduje klasę i odległości do granic boxa dla pozycji mapy cech.",Bank_37+:_OMR_i_detekcja Bank_37_plus
Czym jest DETR?,"Detektor oparty na Transformerze i set prediction. Używa stałego zbioru zapytań obiektowych i dopasowania bipartite, ograniczając potrzebę anchors i NMS.",Bank_37+:_OMR_i_detekcja Bank_37_plus
Dlaczego klasyczny DETR może mieć problem z małymi obiektami?,Ma wolną zbieżność i ograniczoną rozdzielczość attention nad mapą cech. Deformable DETR próbkuje wieloskalowe punkty i jest lepszym wariantem dla małych obiektów. 7. Pytania ogólne: Score IR i teoria muzyki,Bank_37+:_OMR_i_detekcja Bank_37_plus
Co to jest pięciolinia?,Zespół pięciu poziomych linii i czterech pól określających pozycję wysokości dźwięków. Znaczenie pozycji zależy od klucza.,Bank_37+:_Score_IR_i_teoria_muzyki Bank_37_plus
Co to jest klucz muzyczny?,"Symbol przypisujący konkretną wysokość do linii pięciolinii. Klucz wiolinowy, basowy i C zmieniają mapowanie pozycji na nuty.",Bank_37+:_Score_IR_i_teoria_muzyki Bank_37_plus
Co to jest linia dodana?,Krótka linia rozszerzająca pięciolinię dla dźwięków powyżej lub poniżej jej podstawowego zakresu.,Bank_37+:_Score_IR_i_teoria_muzyki Bank_37_plus
Jak pozycja nuty jest zamieniana na wysokość?,"Szacuje się krok względem linii i pól, uwzględnia klucz, linie dodane, znaki przykluczowe i lokalne znaki chromatyczne, a następnie wyznacza nazwę nuty, oktawę i MIDI.",Bank_37+:_Score_IR_i_teoria_muzyki Bank_37_plus
Co to jest numer MIDI nuty?,Liczba całkowita reprezentująca wysokość w stroju równomiernie temperowanym. A4 ma numer 69 i częstotliwość 440 Hz.,Bank_37+:_Score_IR_i_teoria_muzyki Bank_37_plus
Jak przeliczyć MIDI na częstotliwość?,f = 440 · 2(m−69)/12. Każde zwiększenie MIDI o 12 podwaja częstotliwość.,Bank_37+:_Score_IR_i_teoria_muzyki Bank_37_plus
Co to jest znak chromatyczny?,"Krzyżyk, bemol lub kasownik zmieniający wysokość nuty. Może działać lokalnie w takcie lub być częścią znaku przykluczowego.",Bank_37+:_Score_IR_i_teoria_muzyki Bank_37_plus
Co to jest znak przykluczowy?,Zestaw krzyżyków lub bemoli przy kluczu określający domyślne modyfikacje stopni w danej tonacji.,Bank_37+:_Score_IR_i_teoria_muzyki Bank_37_plus
Co to jest metrum?,"Organizacja pulsu w takty. Licznik określa liczbę jednostek, a mianownik wartość jednostki, np. 4/4 oznacza cztery ćwierćnuty.",Bank_37+:_Score_IR_i_teoria_muzyki Bank_37_plus
Co to jest tempo BPM?,"Liczba uderzeń na minutę. Przy 120 BPM ćwierćnuta, jeżeli jest jednostką pulsu, trwa 0,5 sekundy.",Bank_37+:_Score_IR_i_teoria_muzyki Bank_37_plus
Jak przeliczyć beat na sekundy?,Dla ćwierćnutowego pulsu czas jednego beatu wynosi 60 / BPM sekund. Czas zdarzenia to liczba beatów pomnożona przez czas jednego beatu.,Bank_37+:_Score_IR_i_teoria_muzyki Bank_37_plus
Od czego zależy długość nuty?,"Od typu notehead, obecności stem, flag i beams, augmentation dot, tupletu, tie oraz kontekstu metrum.",Bank_37+:_Score_IR_i_teoria_muzyki Bank_37_plus
Jak działa augmentation dot?,"Dodaje połowę wartości podstawowej. Ćwierćnuta z kropką trwa 1 + 0, 5 = 1, 5 ćwierćnuty.",Bank_37+:_Score_IR_i_teoria_muzyki Bank_37_plus
Jak belki określają rytm?,"Jedna belka zwykle odpowiada ósemkom, dwie szesnastkom itd. Trzeba poprawnie przypisać belkę do laseczek i główek nut.",Bank_37+:_Score_IR_i_teoria_muzyki Bank_37_plus
Czym tie różni się od slur?,Tie łączy nuty tej samej wysokości i sumuje ich czas. Slur oznacza frazowanie lub legato i może łączyć różne wysokości.,Bank_37+:_Score_IR_i_teoria_muzyki Bank_37_plus
Co to jest melisma?,Śpiewanie jednej sylaby na kilku nutach. W danych SVS kolejne nuty mogą kontynuować ten sam tekst lub fonem samogłoskowy.,Bank_37+:_Score_IR_i_teoria_muzyki Bank_37_plus
Co to jest takt przedtaktowy?,"Niepełny takt na początku utworu, którego czas często uzupełnia ostatni takt. Nie powinien być automatycznie dopełniany do pełnego metrum bez rozpoznania kontekstu.",Bank_37+:_Score_IR_i_teoria_muzyki Bank_37_plus
Co to jest polifonia?,"Jednoczesne prowadzenie kilku niezależnych głosów. Utrudnia przypisanie nut do osi czasu, tekstu i poszczególnych partii.",Bank_37+:_Score_IR_i_teoria_muzyki Bank_37_plus
Co to jest akord?,Kilka wysokości rozpoczynających się w przybliżeniu jednocześnie. W wokalnym SVS trzeba wybrać pojedynczy głos lub generować kilka ścieżek.,Bank_37+:_Score_IR_i_teoria_muzyki Bank_37_plus
Po co są kreski taktowe?,Wyznaczają granice taktów i pomagają grupować zdarzenia zgodnie z metrum. Mogą być mylone z laseczkami.,Bank_37+:_Score_IR_i_teoria_muzyki Bank_37_plus
Co to jest synthetic rest?,"Pauza dodana przez warstwę naprawczą, aby uzupełnić brakujący czas w takcie. Musi być jawnie oznaczona jako inferencja, a nie detekcja z obrazu.",Bank_37+:_Score_IR_i_teoria_muzyki Bank_37_plus
Dlaczego nadmiarowego czasu w takcie nie należy dowolnie usuwać?,"Nie wiadomo, która nuta jest błędna. Automatyczne usunięcie może zniszczyć poprawną muzykę. Bezpieczniej zapisać ostrzeżenie lub zaproponować ręczną korektę.",Bank_37+:_Score_IR_i_teoria_muzyki Bank_37_plus
Co to jest dynamic programming w dopasowaniu tekstu?,"Metoda znajdująca globalnie najtańszą sekwencję przypisań tokenów do nut, uwzględniając koszty dopasowań, pominięć, pauz i melism.",Bank_37+:_Score_IR_i_teoria_muzyki Bank_37_plus
Dlaczego proste przypisanie najbliższego tekstu do nuty może zawieść?,"Tekst może być przesunięty, jedna sylaba może obejmować wiele nut, występują pauzy, kilka zwrotek i błędy OCR. Lokalnie najbliższe przypisanie nie musi być globalnie spójne.",Bank_37+:_Score_IR_i_teoria_muzyki Bank_37_plus
Co to jest MusicXML?,"Strukturalny format wymiany zapisu muzycznego opisujący nuty, rytm, takty, głosy, tekst i oznaczenia wykonawcze. Jest bogatszy semantycznie niż MIDI.",Bank_37+:_Score_IR_i_teoria_muzyki Bank_37_plus
Co to jest MIDI?,"Format zdarzeń sterujących: wysokość, początek, koniec, velocity i instrument. Nie przechowuje pełnego wyglądu partytury ani naturalnego audio.",Bank_37+:_Score_IR_i_teoria_muzyki Bank_37_plus
Czym MusicXML różni się od MIDI?,MusicXML reprezentuje notację i strukturę partytury. MIDI reprezentuje wykonanie czasowe i komunikaty sterujące. Konwersja pomiędzy nimi może być stratna. 8. Pytania ogólne: audio i SVS,Bank_37+:_Score_IR_i_teoria_muzyki Bank_37_plus
Czym SVS różni się od TTS?,"SVS oprócz tekstu musi realizować jawnie zadaną wysokość, rytm i sposób prowadzenia głosu. Śpiew ma dłuższe samogłoski, szerszy zakres F0, vibrato i inne zależności prozodyczne.",Bank_37+:_audio_i_SVS Bank_37_plus
Co zawiera wejście SVS?,"Fonemy lub sylaby, początek i koniec zdarzenia, wysokość nuty, pauzy, voiced, głos, styl, tempo oraz opcjonalne cechy wykonawcze.",Bank_37+:_audio_i_SVS Bank_37_plus
Dlaczego stosuje się fonemy zamiast słów?,"Fonemy pozwalają generować nowe słowa, dokładniej sterować wymową i czasem poszczególnych głosek oraz lepiej dopasować tekst do nut.",Bank_37+:_audio_i_SVS Bank_37_plus
Co to jest grafem?,"Jednostka zapisu, np. litera lub znak. Relacja grafem–fonem nie jest jednoznaczna, szczególnie w języku angielskim.",Bank_37+:_audio_i_SVS Bank_37_plus
Co to jest fonem?,Najmniejsza jednostka dźwiękowa rozróżniająca znaczenie. Model SVS wykorzystuje tokeny fonemowe jako reprezentację wymowy.,Bank_37+:_audio_i_SVS Bank_37_plus
Co to jest G2P?,Grapheme-to-phoneme: algorytm lub model zamieniający zapis słowa na sekwencję fonemów.,Bank_37+:_audio_i_SVS Bank_37_plus
Co to jest ARPAbet?,ASCII-owa reprezentacja angielskich fonemów używana m.in. w CMU Pronouncing Dictionary. Samogłoski mogą zawierać oznaczenie akcentu.,Bank_37+:_audio_i_SVS Bank_37_plus
Co to jest CMUdict?,Słownik wymowy angielskich słów zapisanych w ARPAbet. Pomaga uzyskać poprawniejsze fonemy niż proste reguły literowe.,Bank_37+:_audio_i_SVS Bank_37_plus
Dlaczego samogłoski otrzymują więcej czasu niż spółgłoski?,"W śpiewie samogłoska niesie podtrzymywaną wysokość i energię, natomiast większość spółgłosek tworzy krótki atak lub zakończenie.",Bank_37+:_audio_i_SVS Bank_37_plus
Co to jest waveform?,Sekwencja próbek amplitudy sygnału audio w czasie. Jest końcowym formatem generowanym przez wokoder.,Bank_37+:_audio_i_SVS Bank_37_plus
Co oznacza sample rate 22050 Hz?,Audio zawiera 22050 próbek na sekundę. Maksymalna reprezentowalna częstotliwość wynosi w przybliżeniu 11025 Hz.,Bank_37+:_audio_i_SVS Bank_37_plus
Co to jest częstotliwość Nyquista?,"Połowa częstotliwości próbkowania. Składowe powyżej niej powodują aliasing, jeżeli nie zostaną odfiltrowane.",Bank_37+:_audio_i_SVS Bank_37_plus
Co to jest aliasing?,"Zniekształcenie, w którym częstotliwości powyżej Nyquista pojawiają się jako fałszywe niższe częstotliwości.",Bank_37+:_audio_i_SVS Bank_37_plus
Co to jest transformata Fouriera?,"Rozkłada sygnał na składowe częstotliwościowe, opisując amplitudę i fazę sinusoid.",Bank_37+:_audio_i_SVS Bank_37_plus
Co to jest STFT?,"Short-Time Fourier Transform liczy transformatę Fouriera w kolejnych nakładających się oknach, tworząc reprezentację czas–częstotliwość.",Bank_37+:_audio_i_SVS Bank_37_plus
Co oznacza FFT size 1024?,Liczbę punktów transformacji. Wpływa na siatkę częstotliwości i koszt obliczeń. Nie jest tożsama z liczbą pasm mel.,Bank_37+:_audio_i_SVS Bank_37_plus
Co to jest window length?,Liczba próbek analizowanych w jednej ramce STFT. Dłuższe okno daje lepszą rozdzielczość częstotliwości kosztem czasu.,Bank_37+:_audio_i_SVS Bank_37_plus
Co to jest hop length?,"Przesunięcie pomiędzy kolejnymi oknami. Hop 256 przy 22050 Hz daje krok około 11,6 ms.",Bank_37+:_audio_i_SVS Bank_37_plus
Co to jest spektrogram?,Macierz energii lub amplitudy częstotliwości w kolejnych chwilach czasu.,Bank_37+:_audio_i_SVS Bank_37_plus
Co to jest skala mel?,Nieliniowa skala częstotliwości przybliżająca percepcję człowieka: większa dokładność dla niższych częstotliwości i silniejsze grupowanie wysokich.,Bank_37+:_audio_i_SVS Bank_37_plus
Co to jest mel-spektrogram?,"Spektrogram, którego częstotliwości są rzutowane na bank filtrów mel. Jest standardową reprezentacją pośrednią w TTS i SVS.",Bank_37+:_audio_i_SVS Bank_37_plus
Dlaczego stosuje się log-mel?,Logarytm kompresuje duży zakres energii i lepiej odpowiada percepcji głośności. Ułatwia również uczenie modelu.,Bank_37+:_audio_i_SVS Bank_37_plus
Czego mel-spektrogram nie przechowuje?,Nie przechowuje pełnej informacji fazowej i redukuje szczegóły widma. Dlatego rekonstrukcja waveformu nie jest jednoznaczna.,Bank_37+:_audio_i_SVS Bank_37_plus
Co to jest F0?,"Częstotliwość podstawowa sygnału okresowego, związana z postrzeganą wysokością głosu.",Bank_37+:_audio_i_SVS Bank_37_plus
Czym F0 różni się od formantu?,"F0 wynika z okresowości źródła głosu i określa postrzeganą wysokość. Formanty to rezonanse traktu głosowego, które kształtują samogłoskę i barwę.",Bank_37+:_audio_i_SVS Bank_37_plus
Co to jest cent?,"Logarytmiczna jednostka interwału. 100 centów to półton, 1200 centów oktawa.",Bank_37+:_audio_i_SVS Bank_37_plus
Jak liczy się błąd wysokości w centach?,"Błąd wysokości liczy się jako 1200 * log2(F0_pred / F0_ref). MAE wykorzystuje wartość bezwzględną tego błędu, zwykle tylko na ramkach voiced.",Bank_37+:_audio_i_SVS Bank_37_plus
Dlaczego błąd w hercach byłby mniej muzyczny?,Ta sama różnica Hz oznacza inny interwał przy niskiej i wysokiej częstotliwości. Centy mierzą względną zmianę wysokości.,Bank_37+:_audio_i_SVS Bank_37_plus
Co to jest voiced/unvoiced?,"Informacja, czy ramka ma regularną strukturę okresową i zdefiniowane F0. Samogłoski są zwykle voiced, a cisza i spółgłoski bezdźwięczne są unvoiced.",Bank_37+:_audio_i_SVS Bank_37_plus
Dlaczego F0 mierzy się tylko na ramkach voiced?,Dla ciszy i szumu bezdźwięcznego częstotliwość podstawowa nie jest zdefiniowana. Wymuszenie wartości prowadziłoby do sztucznych błędów.,Bank_37+:_audio_i_SVS Bank_37_plus
Co to jest pYIN?,"Probabilistyczny algorytm estymacji F0, rozszerzający YIN o model probabilistyczny i śledzenie wysokości w czasie.",Bank_37+:_audio_i_SVS Bank_37_plus
Jakie błędy może popełniać estymator F0?,"Błędy oktawowe, utrata detekcji, błędna klasyfikacja voiced/unvoiced oraz śledzenie harmonicznej zamiast częstotliwości podstawowej.",Bank_37+:_audio_i_SVS Bank_37_plus
Co to jest energia ramki?,Miara amplitudy lub mocy sygnału w krótkim oknie. W SVS steruje obwiednią głośności i dynamiką.,Bank_37+:_audio_i_SVS Bank_37_plus
Co to jest prosodia?,"Czas, akcent, intonacja, energia, rytm, vibrato, frazowanie i inne cechy wykonania ponad samą sekwencją fonemów.",Bank_37+:_audio_i_SVS Bank_37_plus
Co to jest embedding?,"Uczony wektor reprezentujący dyskretny token, głos, styl lub język. Podobne elementy mogą otrzymać podobne reprezentacje.",Bank_37+:_audio_i_SVS Bank_37_plus
Jak działa self-attention?,"Każda pozycja tworzy query, key i value. Iloczyny query–key wyznaczają wagi, którymi agregowane są values innych pozycji.",Bank_37+:_audio_i_SVS Bank_37_plus
Co to jest multi-head attention?,Kilka niezależnych mechanizmów attention analizujących różne podprzestrzenie cech i typy zależności. Wyniki głów są łączone.,Bank_37+:_audio_i_SVS Bank_37_plus
Dlaczego Transformer potrzebuje maski paddingu?,"Sekwencje w batchu mają różne długości. Maska uniemożliwia attention korzystanie z dopełnionych, sztucznych pozycji.",Bank_37+:_audio_i_SVS Bank_37_plus
Co to jest sinusoidalne kodowanie pozycyjne?,"Deterministyczne wektory sinusów i cosinusów o różnych częstotliwościach dodawane do cech, aby model znał kolejność i względne odległości.",Bank_37+:_audio_i_SVS Bank_37_plus
Co to jest length regulator?,Mechanizm rozszerzający reprezentację zdarzenia do liczby ramek wynikającej z duration. Powtarza wektor fonemu lub nuty zgodnie z czasem.,Bank_37+:_audio_i_SVS Bank_37_plus
Czym model autoregresyjny różni się od nieautoregresyjnego?,"Autoregresyjny generuje kolejne elementy zależnie od poprzednich i jest wolniejszy. Nieautoregresyjny generuje wiele pozycji równolegle, zwykle potrzebując jawnych czasów.",Bank_37+:_audio_i_SVS Bank_37_plus
Co to jest Conformer?,Architektura łącząca self-attention dla globalnego kontekstu z modułem konwolucyjnym dla lokalnych zależności czasowych.,Bank_37+:_audio_i_SVS Bank_37_plus
Co to jest depthwise convolution?,Osobna konwolucja dla każdego kanału. Jest tańsza od pełnej konwolucji i w Conformerze modeluje lokalny kontekst czasowy.,Bank_37+:_audio_i_SVS Bank_37_plus
Co to jest GLU?,"Gated Linear Unit dzieli kanały na część treści i bramkę sigmoid, która kontroluje przepływ informacji.",Bank_37+:_audio_i_SVS Bank_37_plus
Co to jest score F0?,"Krzywa częstotliwości podstawowej wynikająca bezpośrednio z wysokości nut i ich czasu, po uwzględnieniu transpozycji i przejść.",Bank_37+:_audio_i_SVS Bank_37_plus
Co to jest predicted F0?,"Krzywa przewidziana przez model akustyczny, zwykle jako odchylenie względem partytury. Może zawierać mikroprozodię, ale też błędy wysokości.",Bank_37+:_audio_i_SVS Bank_37_plus
Co to jest blend F0?,"Mieszanka score F0 i predicted F0. Ma łączyć kontrolę melodii z naturalnością, lecz w eksperymencie dawała większy błąd niż score F0.",Bank_37+:_audio_i_SVS Bank_37_plus
Co to jest score-relative F0?,"Model przewiduje odchylenie w centach względem wysokości partytury, zamiast częstotliwości bezwzględnej.",Bank_37+:_audio_i_SVS Bank_37_plus
Dlaczego ogranicza się maksymalne odchylenie F0?,Chroni melodię przed dużymi błędami i stabilizuje trening. Model nadal może przewidywać vibrato i łagodne przejścia.,Bank_37+:_audio_i_SVS Bank_37_plus
Co to jest teacher forcing?,Podawanie wartości referencyjnej zamiast własnej predykcji modelu jako wejścia kolejnego etapu podczas treningu.,Bank_37+:_audio_i_SVS Bank_37_plus
Co to jest exposure bias?,Różnica pomiędzy treningiem z idealnymi wejściami a inferencją z własnymi błędnymi predykcjami. Może powodować kumulowanie błędów.,Bank_37+:_audio_i_SVS Bank_37_plus
Co to jest postnet?,Sieć konwolucyjna przewidująca residualną poprawkę do bazowego mel-spektrogramu.,Bank_37+:_audio_i_SVS Bank_37_plus
Co to jest residualny mel refiner?,"Dodatkowa sieć korygująca mel po głównym modelu i postnecie. Uczy się poprawki, a nie całej reprezentacji od zera.",Bank_37+:_audio_i_SVS Bank_37_plus
Dlaczego residualne wyjście inicjalizuje się zerami?,Na początku refiner nie zmienia istniejącej predykcji. Trening może stopniowo nauczyć bezpieczną poprawkę bez natychmiastowego pogorszenia bazowego modelu.,Bank_37+:_audio_i_SVS Bank_37_plus
Co to jest wokoder?,"Model lub algorytm zamieniający reprezentację akustyczną, np. mel-spektrogram, na waveform.",Bank_37+:_audio_i_SVS Bank_37_plus
Jak działa HiFi-GAN?,"Generator zwiększa rozdzielczość czasową mel do waveformu, a dyskryminatory wielookresowe i wieloskalowe uczą go realistycznej periodyczności i szczegółów sygnału.",Bank_37+:_audio_i_SVS Bank_37_plus
Co to jest GAN?,"Układ generatora i dyskryminatora. Generator tworzy próbki, a dyskryminator odróżnia je od prawdziwych. Oba modele uczą się w konkurencyjnym procesie.",Bank_37+:_audio_i_SVS Bank_37_plus
Co to jest generator adversarial loss?,"Kara dla generatora, gdy dyskryminator rozpoznaje wygenerowany sygnał jako fałszywy.",Bank_37+:_audio_i_SVS Bank_37_plus
Co to jest discriminator loss?,"Kara, gdy dyskryminator źle klasyfikuje prawdziwe lub wygenerowane próbki.",Bank_37+:_audio_i_SVS Bank_37_plus
Co to jest feature matching loss?,Różnica pomiędzy pośrednimi aktywacjami dyskryminatora dla realnego i generowanego audio. Stabilizuje GAN i promuje zgodność strukturalną.,Bank_37+:_audio_i_SVS Bank_37_plus
Co to jest Multi-Period Discriminator?,Zestaw dyskryminatorów analizujących waveform po ułożeniu go według różnych okresów. Jest wrażliwy na strukturę harmoniczną i periodyczność głosu.,Bank_37+:_audio_i_SVS Bank_37_plus
Co to jest Multi-Scale Discriminator?,"Analizuje sygnał przy kilku rozdzielczościach czasowych, dzięki czemu widzi lokalne detale i szerszą obwiednię.",Bank_37+:_audio_i_SVS Bank_37_plus
Co to jest mel sub-band discriminator?,Dyskryminator analizujący oddzielne zakresy pasm mel. Może zwiększyć nacisk na wysokie częstotliwości i lokalny detal widma.,Bank_37+:_audio_i_SVS Bank_37_plus
Co to jest multi-resolution STFT loss?,"Porównanie spektrogramów przy kilku rozmiarach FFT, oknach i hopach. Łączy ocenę lokalnego i szerszego kontekstu czasowo-częstotliwościowego.",Bank_37+:_audio_i_SVS Bank_37_plus
Co to jest source-filter model głosu?,"Model, w którym źródło pobudzenia krtaniowego jest filtrowane przez trakt głosowy. Źródło kontroluje pitch, a filtr głównie barwę i formanty.",Bank_37+:_audio_i_SVS Bank_37_plus
Jak działa harmoniczne źródło w wokoderze?,Z F obliczana jest faza sinusoidy i jej harmoniczne. Są one maskowane dla ramek unvoiced i 0 dodawane jako warunek na etapach generatora.,Bank_37+:_audio_i_SVS Bank_37_plus
Dlaczego ogranicza się harmoniczne względem Nyquista?,Harmoniczne powyżej Nyquista powodowałyby aliasing i fałszywe składowe.,Bank_37+:_audio_i_SVS Bank_37_plus
Co to jest pitch-shift sensitivity loss?,"Strata wymagająca, aby celowa zmiana warunku F0 powodowała mierzalną zmianę wyniku. Zapobiega ignorowaniu pitch przez wokoder.",Bank_37+:_audio_i_SVS Bank_37_plus
Co to jest acoustic–vocoder mismatch?,"Wokoder trenuje się na prawdziwych melach, ale w inferencji dostaje niedoskonałe mele przewidywane. Różnica rozkładu może pogarszać audio.",Bank_37+:_audio_i_SVS Bank_37_plus
Jak zmniejszono acoustic–vocoder mismatch w pracy?,"Wokoder dostrojono na mel-spektrogramach generowanych przez finalny model akustyczny, a nie wyłącznie na reprezentacjach referencyjnych.",Bank_37+:_audio_i_SVS Bank_37_plus
Co to jest audio-proxy validation?,"Model akustyczny generuje mel, wokoder generuje audio, a z audio ponownie liczy się mel i porównuje z referencją. Metryka obejmuje oba modele.",Bank_37+:_audio_i_SVS Bank_37_plus
Dlaczego audio-proxy nadal nie zastępuje odsłuchu?,"Dwa sygnały o podobnym mel mogą różnić się fazą, artefaktami, zrozumiałością, naturalnością i barwą. Metryka numeryczna jest tylko przybliżeniem percepcji.",Bank_37+:_audio_i_SVS Bank_37_plus
Co to jest vibrato?,"Okresowa modulacja F0, opisywana szybkością w Hz i głębokością w centach. Zbyt duże vibrato brzmi niestabilnie, zbyt małe może być niesłyszalne.",Bank_37+:_audio_i_SVS Bank_37_plus
Co to jest pitch drift?,"Powolne odchylenie wysokości w czasie. Niewielkie może zwiększać naturalność, duże brzmi jak fałszowanie.",Bank_37+:_audio_i_SVS Bank_37_plus
Co to jest onset pitch scoop?,"Krótkie rozpoczęcie nuty poniżej lub powyżej wysokości docelowej i dojście do niej. Jest cechą wykonawczą, ale wymaga ostrożnej kontroli.",Bank_37+:_audio_i_SVS Bank_37_plus
Dlaczego transpozycja może być potrzebna?,Melodia może wychodzić poza zakres wysokości widziany dla danego głosu podczas treningu. Transpozycja przenosi ją do stabilniejszego zakresu.,Bank_37+:_audio_i_SVS Bank_37_plus
Jaka jest wada transpozycji?,Zmienia tonację i może być muzycznie niepożądana. Przy bezpośrednim pitch-shifcie audio może też zmieniać formanty i barwę.,Bank_37+:_audio_i_SVS Bank_37_plus
Co to jest MOS?,"Mean Opinion Score: średnia subiektywna ocena, zwykle w skali 1–5, np. naturalności audio.",Bank_37+:_audio_i_SVS Bank_37_plus
Co to jest CMOS?,"Comparative MOS: ocena preferencji lub różnicy pomiędzy dwiema próbkami, np. od -3 do +3.",Bank_37+:_audio_i_SVS Bank_37_plus
Jak poprawnie wykonać test percepcyjny?,"Zaślepić i zrandomizować próbki, użyć wielu utworów i słuchaczy, rozdzielić kryteria oceny, zebrać metadane o słuchaczach oraz raportować średnie, wariancję i przedziały ufności. 9. Pytania o integrację, testowanie i rozwój systemu",Bank_37+:_audio_i_SVS Bank_37_plus
Po co zapisuje się konfigurację razem z checkpointem?,"Wagi mają sens tylko w połączeniu z architekturą, vocabem, normalizacją, listą głosów, stylów i parametrami cech. Bez tego inferencja może być niezgodna.",Bank_37+:_integracja_i_rozwój Bank_37_plus
Dlaczego vocab.json musi pasować do checkpointu?,Indeksy embeddingów odpowiadają konkretnym tokenom. Inny vocab przypisałby tym samym indeksom inne fonemy.,Bank_37+:_integracja_i_rozwój Bank_37_plus
Dlaczego stats.json musi pasować do modelu?,Model był uczony na cechach znormalizowanych konkretną średnią i odchyleniem. Inne statystyki zmieniają skalę wejścia i wyjścia.,Bank_37+:_integracja_i_rozwój Bank_37_plus
Co to jest checkpoint compatibility?,"Zgodność wag z architekturą, wymiarami, słownikiem, normalizacją i wersją przygotowania danych.",Bank_37+:_integracja_i_rozwój Bank_37_plus
Co to jest test jednostkowy?,"Test małego fragmentu logiki w izolacji, np. konwersji osi czasu, kodowania tokenów lub naprawy taktu.",Bank_37+:_integracja_i_rozwój Bank_37_plus
Co to jest test integracyjny?,"Sprawdza współpracę kilku modułów i zgodność ich kontraktów, np. OMR–Score IR–SVS CSV.",Bank_37+:_integracja_i_rozwój Bank_37_plus
Co to jest test end-to-end?,Uruchamia pełny przepływ od wejścia użytkownika do końcowego wyniku.,Bank_37+:_integracja_i_rozwój Bank_37_plus
Co to jest test regresji?,"Sprawdza, czy wcześniej działający przypadek nadal daje oczekiwany wynik po zmianach kodu lub modelu. Golden set jest naturalną podstawą takich testów.",Bank_37+:_integracja_i_rozwój Bank_37_plus
Dlaczego oracle jest przydatne w testach?,"Pozwala zastąpić wynik jednego modułu poprawną referencją i sprawdzić, czy problem pozostaje w dalszej części pipeline’u.",Bank_37+:_integracja_i_rozwój Bank_37_plus
Jak mierzyć propagację błędów?,"Porównywać warianty z kolejno zastępowanymi modułami oracle i mierzyć zmianę jakości Score IR, MIDI i audio.",Bank_37+:_integracja_i_rozwój Bank_37_plus
Jak przekazywać niepewność pomiędzy modułami?,"Zachowywać confidence, alternatywne hipotezy i źródła decyzji zamiast tylko twardej etykiety. Warstwa interpretacji może wykorzystywać reguły i kontekst do wyboru hipotezy.",Bank_37+:_integracja_i_rozwój Bank_37_plus
Co to jest kalibracja modelu?,"Zgodność confidence z rzeczywistą częstością poprawnych predykcji. Model z confidence 0,8 powinien mieć około 80% poprawnych przypadków w tej grupie.",Bank_37+:_integracja_i_rozwój Bank_37_plus
Jak można umożliwić ręczną korektę?,"Interfejs może pozwalać przesuwać boxy, zmieniać klasy, wysokości, czasy i tekst, a następnie ponownie generować tylko Score IR i audio bez uruchamiania modeli obrazu.",Bank_37+:_integracja_i_rozwój Bank_37_plus
Jak poprawić odporność na nowe wydawnictwa nutowe?,"Zebrać dane z różnych źródeł, zastosować fine-tuning, style augmentation, normalizację odstępu pięciolinii, aktywne uczenie i analizę błędów per domena.",Bank_37+:_integracja_i_rozwój Bank_37_plus
Jak poprawić wydajność pipeline’u?,"Batchowanie kafli i cropów, mniejsze lub skompresowane modele, cache, mixed precision, równoległość etapów niezależnych, ONNX/TensorRT oraz adaptacyjne pomijanie zbędnych modułów.",Bank_37+:_integracja_i_rozwój Bank_37_plus
Jakie byłyby następne trzy najważniejsze eksperymenty?,Real-world test set partytur wokalnych; uczciwy wieloseedowy protokół OMR z osobnym validation/test; zaślepiona ewaluacja percepcyjna SVS z baseline’ami.,Bank_37+:_integracja_i_rozwój Bank_37_plus
Gdzie w systemie znajduje się najważniejsza luka reprezentacyjna?,"Obraz partytury jest strukturą dwuwymiarową i relacyjną, natomiast SVS oczekuje uporządkowanej osi czasu: fonemów, wysokości, czasów trwania, pauz i cech prozodycznych. Najważniejszym zadaniem nie jest więc sama detekcja obiektów, lecz przejście od geometrii strony do semantyki muzycznej i sekwencji czasowej. Rolę pomostu pełni Score IR.",Bank_37+:_PDF_-_wspólne_i_zakres Bank_37_plus
Dlaczego Score IR jest czymś więcej niż formatem technicznym?,"Score IR pełni jednocześnie rolę kontraktu między modułami i narzędzia badawczego. Zachowuje surowe źródła, confidence, symbole, relacje, ostrzeżenia i naprawy, dzięki czemu można odróżnić błąd percepcji obrazu od błędu interpretacji muzycznej. Minimalny CSV dla SVS usuwałby większość tej informacji i utrudniał diagnozę.",Bank_37+:_PDF_-_wspólne_i_zakres Bank_37_plus
Dlaczego ewaluacja SVS nie pozwala jeszcze mówić o jakości użytkowej?,"Golden set ma tylko dziesięć próbek, a główna metryka ocenia zgodność F0, nie pełną naturalność. Nie wykonano szerokiego testu MOS lub CMOS z grupą słuchaczy, nie rozdzielono systematycznie ocen naturalności, zrozumiałości tekstu, barwy, podobieństwa głosu i jakości frazowania. Wynik dowodzi działania i kontroli melodii w prototypie, ale nie równoważności z gotowym produktem.",Bank_37+:_PDF_-_wspólne_i_zakres Bank_37_plus
Czy zrealizowany system jest produktem?,"Nie. Jest kompletnym prototypem badawczo-inżynierskim: działa od obrazu lub PDF-u do artefaktów muzycznych i audio, pozwala trenować, porównywać i diagnozować moduły. Produkt wymagałby znacznie większej odporności domenowej, stabilności, ergonomicznej korekty błędów, testów użytkowników, kontroli jakości, wydajności oraz szerszej ewaluacji percepcyjnej.",Bank_37+:_PDF_-_wspólne_i_zakres Bank_37_plus
Czy lepiej byłoby ograniczyć pracę do jednego modułu?,"Węższa praca pozwoliłaby pogłębić jeden komponent i wykonać więcej powtórzeń eksperymentów. Jednak celem tej pracy było zbadanie pełnego przejścia od obrazu do śpiewu i obserwowalności modułowego systemu. Szeroki zakres był więc zgodny z celem, choć jego ceną jest nierówna dojrzałość modułów, zwłaszcza ograniczona ewaluacja SVS.",Bank_37+:_PDF_-_wspólne_i_zakres Bank_37_plus
Jaki był wkład Michała Bobera?,"Przetwarzanie obrazu i tekstu: lokalizacja tekstu, OCR, OMR, przygotowanie DeepScoresV2, konfiguracja i eksperymenty Faster R-CNN, obrazy i PDF-y, kafelkowanie, augmentacje, ewaluacja detekcji oraz integracja wyników obrazu w aplikacji.",Bank_37+:_PDF_-_wspólne_i_zakres Bank_37_plus
Jaki był wkład Igora Staręgi?,"Interpretacja muzyczna, Score IR, przejście od symboli do melodii i rytmu, synchronizacja tekstu z nutami, przygotowanie formatu dla SVS, model akustyczny, wokoder, ewaluacja muzyczna i wokalna oraz diagnostyka toru syntezy.",Bank_37+:_PDF_-_wspólne_i_zakres Bank_37_plus
Dlaczego nie zastosowano jednego modelu end-to-end?,"Wymagałby dużego zbioru par obraz partytury-docelowy wokal oraz nauczenia w jednym modelu percepcji dokumentu, semantyki muzycznej, wymowy i generacji audio. Taki zbiór jest trudny do pozyskania, a model byłby słabo obserwowalny. Podejście modułowe lepiej odpowiadało dostępnym danym i celowi badawczemu.",Bank_37+:_PDF_-_wspólne_i_zakres Bank_37_plus
Dlaczego segmentacja zamiast samych bounding boxów?,"Tekst wokalny składa się z cienkich i nieregularnych struktur. Maska lepiej odwzorowuje kształt niż prostokąt, ogranicza ilość tła w cropie i może służyć do maskowania tekstu przed OMR. Bounding box jest prostszy, ale obejmuje puste przestrzenie, pięciolinie i symbole.",Bank_37+:_PDF_-_lokalizacja_tekstu Bank_37_plus
Po co skip connections?,"Podczas downsamplingu mogą zniknąć cienkie kreski liter i dokładne położenie granic. Skip connections dostarczają decoderowi cechy o wyższej rozdzielczości, dzięki czemu może odtworzyć drobne elementy maski.",Bank_37+:_PDF_-_lokalizacja_tekstu Bank_37_plus
Co rzeczywiście robi attention gate?,"Uczy się przestrzennie wzmacniać cechy istotne dla segmentowanego tekstu i tłumić tło. Nie ""czyta"" tekstu i nie jest modelem językowym. Jest mechanizmem selekcji cech.",Bank_37+:_PDF_-_lokalizacja_tekstu Bank_37_plus
Dlaczego nie użyć zwykłego accuracy?,"Większość strony jest tłem. Model przewidujący wszędzie tło mógłby osiągnąć wysokie accuracy, ale nie znaleźć żadnego tekstu. Precision, recall, F1, IoU i Dice lepiej oceniają klasę mniejszościową.",Bank_37+:_PDF_-_lokalizacja_tekstu Bank_37_plus
Czy jest to system czysto neuronowy?,"Nie. Predykcja maski jest neuronowa, ale jej wykorzystanie jest wspierane heurystykami opartymi na geometrii pięciolinii i typowym położeniu tekstu wokalnego. Jest to system hybrydowy. Pułapka: Heurystyka ""tekst znajduje się pod pięciolinią"" nie jest uniwersalna. Może zawieść dla wielu zwrotek, nietypowego układu, tekstu pomiędzy głosami, partytur chóralnych i opisów umieszczonych w podobnej strefie.",Bank_37+:_PDF_-_lokalizacja_tekstu Bank_37_plus
Jak poprawić generalizację lokalizacji tekstu?,"Przygotować anotowany zbiór partytur wokalnych, generować syntetyczne partytury z maskami, zastosować fine-tuning lub domain adaptation, użyć pretrenowanego encodera, dodać bardziej realistyczne degradacje i mierzyć wynik bezpośrednio na pełnych stronach nutowych.",Bank_37+:_PDF_-_lokalizacja_tekstu Bank_37_plus
Jaka jest różnica między segmentacją semantyczną i instancyjną?,"Segmentacja semantyczna przypisuje klasę każdemu pikselowi, ale nie rozdziela osobnych obiektów tej samej klasy. Segmentacja instancyjna dodatkowo identyfikuje oddzielne wystąpienia, np. osobne słowa lub wiersze.",Bank_37+:_PDF_-_lokalizacja_tekstu Bank_37_plus
Co się stanie przy zbyt niskim progu maski?,"Wzrośnie recall, ale pojawi się więcej fałszywych pikseli i regionów, które mogą zawierać symbole muzyczne. Zbyt wysoki próg zwiększy precision kosztem przerwanych lub pominiętych liter.",Bank_37+:_PDF_-_lokalizacja_tekstu Bank_37_plus
Czy wysoki recall zawsze jest pożądany?,"Nie. Jeżeli uzyskano go przez oznaczenie dużej części tła jako tekstu, OCR dostanie zaszumione cropy, a maskowanie przed OMR może usunąć symbole muzyczne.",Bank_37+:_PDF_-_lokalizacja_tekstu Bank_37_plus
Dlaczego usuwanie pięciolinii może być ryzykowne?,"Operacja może usunąć fragmenty liter przecinające się z wykrytymi liniami albo uszkodzić znaki, jeśli geometria pięciolinii została oszacowana błędnie.",Bank_37+:_PDF_-_lokalizacja_tekstu Bank_37_plus
"Jak ocenić cały moduł, a nie sam segmenter?","Należy mierzyć nie tylko IoU maski, ale także wykrycie kompletnych wierszy, kompletność cropów, kolejność odczytu i wpływ na CER, sylabizację oraz końcowe dopasowanie tekstu do nut.",Bank_37+:_PDF_-_lokalizacja_tekstu Bank_37_plus
Dlaczego oś pozioma obrazu jest osią czasu?,"W tekstach poziomych kolejność znaków odpowiada przesuwaniu się od lewej do prawej. CNN kompresuje wysokość obrazu, pozostawiając kolejne kolumny cech jako uporządkowaną sekwencję obserwacji.",Bank_37+:_PDF_-_OCR Bank_37_plus
Co daje BiLSTM?,"Każda pozycja korzysta zarówno z kontekstu po lewej, jak i po prawej. W OCR cały obraz jest dostępny, więc nie ma wymogu przetwarzania przyczynowego.",Bank_37+:_PDF_-_OCR Bank_37_plus
Dlaczego Transformer nie wygrał?,"Większa złożoność nie gwarantuje poprawy. Model był trenowany od zera, zadanie miało stosunkowo krótkie sekwencje i silną lokalną strukturę, a dane oraz jakość cropów mogły być ważniejszym ograniczeniem niż pojemność modelu. BiLSTM ma korzystny inductive bias dla monotonicznego tekstu.",Bank_37+:_PDF_-_OCR Bank_37_plus
Po co blank?,Pozwala reprezentować brak znaku i rozdzielić powtarzające się litery. Bez blanku sekwencja dwóch identycznych liter mogłaby zostać zredukowana do jednej.,Bank_37+:_PDF_-_OCR Bank_37_plus
Jakie główne założenie ma CTC?,Kolejność etykiet jest monotoniczna względem sekwencji wejściowej. CTC nie jest odpowiednie do swobodnej zmiany kolejności znaków.,Bank_37+:_PDF_-_OCR Bank_37_plus
Czy CER może być większy od 1?,"Tak. Jeżeli model generuje bardzo dużo dodatkowych znaków, liczba wstawień może przekroczyć długość referencji.",Bank_37+:_PDF_-_OCR Bank_37_plus
Dlaczego exact match jest ważny dla tej pracy?,"Pojedynczy błąd w spacji, myślniku lub sylabie może zmienić późniejsze dopasowanie tekstu do nut, mimo że globalny CER pozostaje niski.",Bank_37+:_PDF_-_OCR Bank_37_plus
Czy użycie PaddleOCR w aplikacji podważa sens trenowania własnego OCR?,"Nie. Własne modele pozwoliły przeprowadzić kontrolowane badanie architektur i CTC, natomiast aplikacja została zaprojektowana modułowo i może korzystać z praktycznie najlepszego dostępnego backendu. Badanie naukowe i wybór produkcyjny nie muszą wskazywać tego samego modelu.",Bank_37+:_PDF_-_OCR Bank_37_plus
Dlaczego zachowuje się proporcje obrazu?,"Rozciągnięcie słowa zmienia geometrię znaków i odstępy. Skalowanie do stałej wysokości z dopełnieniem szerokości zachowuje kształt, a jednocześnie daje stały rozmiar tensora.",Bank_37+:_PDF_-_OCR Bank_37_plus
"Co oznacza CER równy 0,1318?","Średnia liczba operacji edycyjnych odpowiada około 13,18% liczby znaków referencyjnych. Nie oznacza to jednak, że dokładnie 13,18% znaków w każdej próbce jest błędne.",Bank_37+:_PDF_-_OCR Bank_37_plus
Czy można mieć niski CER i bezużyteczny wynik dla SVS?,"Tak. Błędy mogą koncentrować się w myślnikach, spacjach i granicach sylab, które mają większy wpływ muzyczny niż przypadkowa literówka.",Bank_37+:_PDF_-_OCR Bank_37_plus
Jak uczciwie ocenić sam OCR?,"Na referencyjnych cropach, aby wyłączyć błędy lokalizacji. Osobno należy ocenić pełny tor lokalizacja+OCR na całych stronach.",Bank_37+:_PDF_-_OCR Bank_37_plus
Dlaczego WER nie był główną metryką?,Próbki są często krótkie i zawierają fragmenty lub sylaby. CER daje bardziej szczegółową informację znakową. WER byłby wartościową metryką dodatkową dla pełnych wierszy tekstu.,Bank_37+:_PDF_-_OCR Bank_37_plus
Dlaczego wybrano DeepScoresV2?,"Jest jednym z największych zbiorów do detekcji drukowanych symboli muzycznych, zawiera 136 klas oraz informacje o ramkach zorientowanych. Dobrze odpowiada zadaniu detekcji obiektowej, choć wymaga augmentacji i testów domenowych.",Bank_37+:_PDF_-_OMR Bank_37_plus
Dlaczego detektor dwustopniowy?,"Zapewnia dobrą jakość lokalizacji i oddziela generowanie regionów od dokładnej klasyfikacji. Jest odpowiedni dla gęstych, małych symboli, choć jest wolniejszy i kosztowniejszy od detektorów one-stage.",Bank_37+:_PDF_-_OMR Bank_37_plus
Dlaczego GroupNorm zamiast BatchNorm?,Trening używa batch size 1. BatchNorm miałby bardzo niestabilne statystyki batcha. GroupNorm normalizuje grupy kanałów wewnątrz próbki i nie zależy od liczby obrazów w batchu.,Bank_37+:_PDF_-_OMR Bank_37_plus
Dlaczego trenowanie od zera mogło mieć sens?,"Partytury są geometrycznymi, prawie binarnymi dokumentami odmiennymi od ImageNet. Własny backbone dawał pełną kontrolę nad stride’em i małymi obiektami.",Bank_37+:_PDF_-_OMR Bank_37_plus
Jaka jest wada braku pretreningu?,"Model nie korzysta z wcześniej nauczonych filtrów, potrzebuje więcej danych i czasu, a przy ograniczonym zbiorze może generalizować gorzej. Sensownym baseline’em byłby pretrenowany ResNet z FPN.",Bank_37+:_PDF_-_OMR Bank_37_plus
"Co się stanie, gdy anchors są źle dobrane?","Ich IoU z ground truth będzie niskie, RPN otrzyma mniej dobrych pozytywnych przykładów, a małe lub ekstremalnie wydłużone obiekty mogą nie generować dobrych proposals.",Bank_37+:_PDF_-_OMR Bank_37_plus
Jak może jednocześnie wzrosnąć precision i spaść recall?,"Model generuje mniej fałszywych predykcji, ale pomija więcej prawdziwych obiektów. Może to wynikać ze zmiany rozkładu confidence i jakości proposal, a nie tylko z samej zdolności widzenia szczegółów.",Bank_37+:_PDF_-_OMR Bank_37_plus
Dlaczego mniejszy kafel może pomóc?,"Po przeskalowaniu do wejścia sieci symbol zajmuje względnie więcej pikseli, więc drobne detale są łatwiejsze do rozpoznania. Ceną jest mniejszy kontekst.",Bank_37+:_PDF_-_OMR Bank_37_plus
Dlaczego duży kafel nie zawsze pomaga długim obiektom?,"Większy kontekst zmniejsza względny rozmiar lokalnych cech. Dla beam, tie i slur rozdzielczość detalu mogła być ważniejsza niż pełna długość symbolu. Staff było wyjątkiem i korzystało z szerokiego kontekstu.",Bank_37+:_PDF_-_OMR Bank_37_plus
Czy jest to pełny rotated Faster R-CNN?,Nie. Podstawowy detector nadal generuje axis-aligned proposals i boxy. Wielokąt zorientowany jest dodatkową regresją dla wykrytego regionu.,Bank_37+:_PDF_-_OMR Bank_37_plus
Dlaczego IoU jest problematyczne dla małych obiektów?,"Przesunięcie ramki o kilka pikseli może stanowić dużą część jej rozmiaru i gwałtownie obniżyć IoU, mimo że lokalizacja nadal jest użyteczna dla interpretacji.",Bank_37+:_PDF_-_OMR Bank_37_plus
Co oznacza wysokie AP50 i niższe AP75?,"Model zazwyczaj znajduje obiekt, ale jego ramka nie jest wystarczająco dokładna przy bardziej rygorystycznym wymaganiu lokalizacji.",Bank_37+:_PDF_-_OMR Bank_37_plus
Dlaczego mean IoU i oriented L1 nie wystarczą?,"Są liczone tylko dla dopasowanych predykcji. Model może mieć dobre ramki dla niewielkiej liczby wykrytych obiektów, a jednocześnie niski recall.",Bank_37+:_PDF_-_OMR Bank_37_plus
Czy augmentacje dowodzą odporności na zdjęcia?,"Nie. Dowodzą odporności na zdefiniowany rozkład syntetycznych degradacji. Prawdziwe zdjęcia mogą zawierać inne kombinacje cieni, perspektywy, zagięć, ostrości, papieru i fontów.",Bank_37+:_PDF_-_OMR Bank_37_plus
Dlaczego support nie wyjaśnia całego wyniku?,"Rzadkie klasy mają mało danych, lecz częste klasy także mogą być trudne ze względu na geometrię, podobieństwo do innych symboli, zależność od kontekstu lub przecięcie granicą kafla. Przykładem są stem i ledgerLine.",Bank_37+:_PDF_-_OMR Bank_37_plus
Dlaczego stem może być mylony z barline?,"Oba są cienkimi, pionowymi strukturami. Rozróżnienie wymaga kontekstu: stem łączy się z notehead i beam/flag, a barline przecina wysokość jednej lub kilku pięciolinii.",Bank_37+:_PDF_-_OMR Bank_37_plus
Jak powinien wyglądać poprawiony podział train/validation/test w OMR?,"Train do uczenia, osobny validation do wyboru checkpointu i hiperparametrów oraz nietykany test użyty dopiero do końcowej oceny.",Bank_37+:_PDF_-_OMR Bank_37_plus
Jak uczciwiej porównać rozmiary kafli?,"Utrzymać stałą liczbę optimizer steps, liczbę obejrzanych obiektów lub równoważny koszt obliczeniowy, a następnie wykonać wiele seedów.",Bank_37+:_PDF_-_OMR Bank_37_plus
Dlaczego val loss nie odpowiadał rankingowi mAP?,"Strata treningowa jest sumą lokalnych strat RPN, klasyfikacji i regresji, a mAP zależy od rankingów confidence, NMS, progów IoU i wyników wszystkich klas. Niższa strata nie musi oznaczać lepszej metryki końcowej.",Bank_37+:_PDF_-_OMR Bank_37_plus
"Dlaczego próg confidence wynosił tylko 0,05?",W gęstej detekcji małych symboli niski próg zwiększa recall i pozwala krzywej precision-recall ocenić szeroki zakres confidence. Późniejsze filtrowanie i NMS usuwają część słabych predykcji.,Bank_37+:_PDF_-_OMR Bank_37_plus
Czy najwyższy mAP gwarantuje najlepszy Score IR?,"Nie. mAP waży klasy i progi detekcyjne, ale błędy nie mają równego znaczenia muzycznego. Pominięty notehead, clef lub accidental może być ważniejszy niż błąd symbolu niewykorzystywanego przez obecny SVS.",Bank_37+:_PDF_-_OMR Bank_37_plus
Jak zbudować metrykę OMR zorientowaną na wynik muzyczny?,"Można mierzyć pitch error, duration error, note precision/recall, poprawność taktów, edit distance sekwencji nut, zgodność MusicXML albo wpływ na MIDI i SVS.",Bank_37+:_PDF_-_OMR Bank_37_plus
Co byłoby ważniejsze w kolejnym badaniu: wyższy mAP czy mniej błędów melodii?,"Dla celu systemu ważniejsza jest semantyczna poprawność melodii i rytmu. mAP pozostaje niezbędną metryką detektora, ale warto zoptymalizować klasy i błędy według ich wpływu na kolejne etapy.",Bank_37+:_PDF_-_OMR Bank_37_plus
Dlaczego sama współrzędna y nie wystarcza do wysokości?,"Ta sama pozycja graficzna oznacza inną wysokość w różnych kluczach. Potrzebna jest także geometria pięciolinii, informacja o liniach dodanych i znakach chromatycznych.",Bank_37+:_PDF_-_Score_IR Bank_37_plus
Czy synthetic rest jest fałszowaniem wyniku?,"Nie, jeżeli jest jawnie oznaczony jako naprawa i służy zachowaniu osi czasu. Nie może być przedstawiany jako symbol wykryty na obrazie. Użytkownik powinien móc odróżnić percepcję od rekonstrukcji.",Bank_37+:_PDF_-_Score_IR Bank_37_plus
Dlaczego potrzebny jest dynamic programming?,"Proste dopasowanie jeden-do-jednego zawodzi przy pauzach, melismach, brakujących tokenach i nierównych odstępach. DP może minimalizować globalny koszt przypisań, pominięć i kontynuacji.",Bank_37+:_PDF_-_Score_IR Bank_37_plus
Dlaczego sam tekst nie wystarcza?,"Tekst nie określa, kiedy fonem ma się rozpocząć, jak długo trwać ani z jaką wysokością zabrzmieć. Te informacje pochodzą z partytury i Score IR.",Bank_37+:_PDF_-_audio_i_SVS Bank_37_plus
Dlaczego użyto oracle golden setu?,"Oracle pomija błędy OCR, OMR i dopasowania tekstu, dzięki czemu można ocenić sam tor SVS. Bez oracle nie wiadomo, czy zły wokal wynika z syntezy, czy z błędnych nut i fonemów.",Bank_37+:_PDF_-_audio_i_SVS Bank_37_plus
Dlaczego równy podział czasu może brzmieć mechanicznie?,"Przeznacza zbyt dużo czasu na zwarte lub szczelinowe spółgłoski, a za mało na samogłoskę. W naturalnym śpiewie to samogłoska jest zwykle podtrzymywana na wysokości nuty.",Bank_37+:_PDF_-_audio_i_SVS Bank_37_plus
Dlaczego potrzebny jest wokoder?,"Mel-spektrogram nie jest gotową falą audio i nie przechowuje kompletnej fazy. Wokoder uczy się rekonstruować realistyczny waveform zgodny z mel, F0 i energią.",Bank_37+:_PDF_-_audio_i_SVS Bank_37_plus
Dlaczego centy zamiast herców?,"Percepcja interwałów jest logarytmiczna. Różnica 10 Hz ma inne znaczenie przy 100 Hz i 1000 Hz, natomiast cent opisuje względny interwał muzyczny.",Bank_37+:_PDF_-_audio_i_SVS Bank_37_plus
Po co szeroki kontekst w śpiewie?,"Sposób wykonania sylaby zależy od frazy, kierunku melodii, sąsiednich dźwięków, granic słów, powtórzeń oraz miejsca oddechu, a nie tylko od pojedynczej nuty.",Bank_37+:_PDF_-_audio_i_SVS Bank_37_plus
Czym Conformer różni się od Transformera?,"Dodaje silny moduł konwolucyjny modelujący lokalne wzorce, zachowując attention dla zależności globalnych. Jest to korzystne w audio, gdzie lokalna ciągłość ma duże znaczenie.",Bank_37+:_PDF_-_audio_i_SVS Bank_37_plus
Dlaczego score-relative F0 jest korzystne?,"Partytura zawiera silną informację o pożądanej melodii. Model może skupić się na mikroprozodii, vibrato i przejściach, a ograniczenie odchylenia zmniejsza ryzyko utraty kontroli wysokości.",Bank_37+:_PDF_-_audio_i_SVS Bank_37_plus
Jaka jest wada teacher forcingu?,"Jeżeli jest stosowany zbyt często, model przyzwyczaja się do idealnych danych, których nie ma w inferencji. Powstaje exposure bias. Dlatego użyto niewielkiego udziału teacher forcingu.",Bank_37+:_PDF_-_audio_i_SVS Bank_37_plus
Dlaczego mel L1 nie wystarcza?,"Średni błąd promuje wygładzanie. Model może mieć niski L1, ale utracić ostre przejścia, wysokie pasma i lokalne struktury odpowiedzialne za wyrazistość oraz naturalność.",Bank_37+:_PDF_-_audio_i_SVS Bank_37_plus
Po co feature matching?,Stabilizuje trening GAN i daje generatorowi bogatszy sygnał niż sama końcowa decyzja dyskryminatora. Promuje zgodność struktury na wielu poziomach.,Bank_37+:_PDF_-_audio_i_SVS Bank_37_plus
Dlaczego samo przekazanie F0 jako dodatkowego kanału może nie wystarczyć?,"Generator może nauczyć się ignorować warunek, jeżeli mel i inne cechy wystarczają do minimalizacji strat. Jawne źródło harmoniczne silniej wiąże strukturę okresową audio z F0.",Bank_37+:_PDF_-_audio_i_SVS Bank_37_plus
Dlaczego dostrojenie wokodera na przewidywanych melach jest ważne?,"Wokoder uczy się rozkładu wejścia, który rzeczywiście otrzyma podczas inferencji. Zmniejsza to różnicę między idealnym mel treningowym a niedoskonałym mel generowanym.",Bank_37+:_PDF_-_audio_i_SVS Bank_37_plus
Co mierzy audio-proxy?,"Łączny błąd modelu akustycznego i wokodera. Jest bliższy końcowemu zastosowaniu niż L1 bezpośredniego mel, ale nadal nie zastępuje oceny percepcyjnej.",Bank_37+:_PDF_-_audio_i_SVS Bank_37_plus
"Dlaczego wynik 8,87 centa nie dowodzi naturalności?","Mierzy zgodność wysokości wykrytej w waveformie z melodią score. Nie mierzy bezpośrednio barwy, zrozumiałości, artykulacji, emocji, podobieństwa głosu ani płynności frazy.",Bank_37+:_PDF_-_audio_i_SVS Bank_37_plus
Czy użycie score F0 czyni wynik trywialnym?,"Nie całkowicie. Mierzone jest F0 rzeczywiście obecne w wygenerowanym waveformie, więc test sprawdza, czy model akustyczny i wokoder realizują warunek. Nie jest to jednak test samodzielnego przewidywania melodii przez model.",Bank_37+:_PDF_-_audio_i_SVS Bank_37_plus
Dlaczego humanized ma wyższy MAE?,"Naturalizacja celowo odchyla F0 od idealnej linii score. MAE rośnie, ale ważne jest, czy ogon błędów i odsetek przekroczeń półtonu pozostają bezpieczne oraz czy odsłuch się poprawia.",Bank_37+:_PDF_-_audio_i_SVS Bank_37_plus
Czy transpozycja jest rozwiązaniem generalizacji?,"Nie. Jest kontrolą eksperymentalną. Docelowo system powinien dobierać głos, ostrzegać o zakresie, stosować pitch augmentation albo trenować na szerszym zakresie.",Bank_37+:_PDF_-_audio_i_SVS Bank_37_plus
Które ograniczenie jest najpoważniejsze?,Zależy od pytania badawczego. Dla wiarygodności porównań OMR najważniejszy jest brak niezależnego validation/test i wielu seedów. Dla praktycznego systemu największym problemem jest domain shift. Dla twierdzeń o jakości SVS najważniejszy jest brak pełnego testu percepcyjnego.,Bank_37+:_PDF_-_pytania_krytyczne Bank_37_plus
Jaki jest najważniejszy wkład pracy?,"Kompletna, obserwowalna infrastruktura od obrazu/PDF-u do reprezentacji muzyczno-tekstowej i audio, wraz z kontrolowanymi eksperymentami OMR oraz diagnostyką połączenia modelu akustycznego z wokoderem. Nie jest nim pojedynczy rekord jednej metryki.",Bank_37+:_PDF_-_pytania_krytyczne Bank_37_plus
Czy system jest end-to-end?,"Jest end-to-end z perspektywy użytkownika, ponieważ przyjmuje obraz i generuje audio. Nie jest jednym modelem trenowanym end-to-end; jest modułowym pipeline’em.",Bank_37+:_PDF_-_pytania_krytyczne Bank_37_plus
Jak propagują się błędy?,Błąd maski zmienia crop OCR i może usunąć symbole przed OMR. Błąd OCR zmienia sylaby i fonemy. Błąd OMR zmienia wysokość lub czas nut. Błąd Score IR zmienia oś czasu. Nawet poprawny CSV może zostać zniekształcony przez model akustyczny lub wokoder.,Bank_37+:_PDF_-_pytania_krytyczne Bank_37_plus
Jak odróżnić błąd percepcji od interpretacji?,"Porównać overlay OMR z obrazem, a następnie Score IR i SVG z surowymi detekcjami. Jeżeli symbol jest błędny lub go brakuje, to błąd percepcji. Jeżeli symbol jest poprawny, ale otrzymał złą wysokość, relację lub czas, to błąd interpretacji.",Bank_37+:_PDF_-_pytania_krytyczne Bank_37_plus
Czym golden set różni się od test setu?,"Test set służy do bezstronnej ilościowej oceny modelu. Golden set jest małym, ręcznie kontrolowanym zestawem przypadków do regresji i diagnostyki całego systemu. Nie powinien być wielokrotnie używany do strojenia, bo przestałby być niezależnym punktem odniesienia.",Bank_37+:_PDF_-_pytania_krytyczne Bank_37_plus
Co to jest data leakage?,"Przepływ informacji z validation lub testu do treningu albo wyboru modelu, który prowadzi do zbyt optymistycznej oceny. Przykładem jest wielokrotne dobieranie checkpointu i konfiguracji na podstawie wyników tego samego testu.",Bank_37+:_PDF_-_pytania_krytyczne Bank_37_plus
Co oznacza uczciwy baseline?,"Model porównawczy oceniany na tych samych danych, podziałach, metrykach i możliwie podobnym budżecie treningowym. Powinien być wystarczająco silny i poprawnie dostrojony.",Bank_37+:_PDF_-_pytania_krytyczne Bank_37_plus
Czy większy model zawsze jest lepszy?,"Nie. Może wymagać więcej danych, przeuczać się, być trudniejszy w optymalizacji i wolniejszy. W pracy większy OCR Transformer nie uzyskał przewagi, a bardziej złożone segmentery nie przewyższyły prostego U-Net.",Bank_37+:_PDF_-_pytania_krytyczne Bank_37_plus
Jak ilościowo mierzyć obserwowalność?,"Można mierzyć czas lokalizacji źródła błędu, odsetek awarii poprawnie przypisanych do modułu, pokrycie klas błędów przez warningi, liczbę potrzebnych ręcznych inspekcji lub skuteczność naprawy po zastąpieniu jednego modułu oracle.",Bank_37+:_PDF_-_pytania_krytyczne Bank_37_plus
Jak ocenić pełny system?,"Potrzebny jest zbiór pełnych stron z referencyjnym tekstem, nutami, osią czasu i audio. Należy raportować metryki modułów, zgodność Score IR/MusicXML, jakość MIDI, pitch i rhythm error oraz percepcyjną ocenę końcowego wokalu.",Bank_37+:_PDF_-_pytania_krytyczne Bank_37_plus
Dlaczego raportujecie wynik na zbiorze używanym do wyboru checkpointu?,To ograniczenie dostępnego protokołu DeepScoresV2 w przeprowadzonych eksperymentach. Wyniki należy interpretować głównie jako względne porównania konfiguracji. W kolejnym badaniu wydzielilibyśmy osobny validation i nietykany test.,Bank_37+:_PDF_-_pytania_krytyczne Bank_37_plus
Czy augmentacje dowodzą generalizacji na zdjęcia?,Nie. Dowodzą odporności na zastosowane kontrolowane degradacje. Potrzebny jest osobny real-world test set.,Bank_37+:_PDF_-_pytania_krytyczne Bank_37_plus
Dlaczego wynik SVS nie jest dowodem wysokiej jakości śpiewu?,"Główna metryka mierzy pitch accuracy na małym oracle golden secie. Brakuje szerokiej, zaślepionej oceny naturalności, zrozumiałości, barwy i frazowania.",Bank_37+:_PDF_-_pytania_krytyczne Bank_37_plus
"Czy score F0 nie ""podaje odpowiedzi"" modelowi?","Podaje pożądaną melodię, ponieważ celem jest kontrolowana synteza z partytury. Eksperyment sprawdza, czy cały tor realizuje ten warunek w waveformie. Ablacja predicted F0 pokazuje, że sam model akustyczny jest mniej dokładny.",Bank_37+:_PDF_-_pytania_krytyczne Bank_37_plus
"Dlaczego Attention U-Net jest najlepszy, skoro różnica jest minimalna?",W konkretnym uruchomieniu osiągnął najwyższe F1 i IoU. Różnica jest jednak niewielka i bez wielu seedów nie stanowi dowodu statystycznie istotnej przewagi.,Bank_37+:_PDF_-_pytania_krytyczne Bank_37_plus
"Dlaczego kafle 768 wygrały, mimo że mają mniej kontekstu?",Zwiększają względny rozmiar symboli na wejściu. Dla większości klas zysk rozdzielczości przeważył nad utratą kontekstu. Staff było przykładem klasy korzystającej z większego kafla.,Bank_37+:_PDF_-_pytania_krytyczne Bank_37_plus
"Czy tytuł z ""agentem AI"" nie jest mylący?","Pojęcie jest użyte w szerszym znaczeniu zespołu wyspecjalizowanych agentów zadaniowych i warstwy orkiestracji, nie w znaczeniu autonomicznego LLM. W pracy zakres tego pojęcia został jawnie zdefiniowany.",Bank_37+:_PDF_-_pytania_krytyczne Bank_37_plus
Czy zakres pracy nie był zbyt szeroki?,Był szeroki i to spowodowało nierówną głębokość modułów. Jednocześnie szerokość była niezbędna do zbadania przejścia od obrazu do audio i obserwowalności całego systemu.,Bank_37+:_PDF_-_pytania_krytyczne Bank_37_plus
"Dlaczego w OMR wybrano Faster R-CNN, a nie YOLO?","Priorytetem była dokładność gęstej detekcji wielu małych symboli, nie maksymalna szybkość. Dwustopniowy RPN i dokładna głowica RoI są dobrym punktem odniesienia dla DeepScoresV2. YOLO byłby wartościowym baseline’em wydajnościowym, ale wymagałby starannego dostrojenia małych obiektów i ekstremalnych proporcji.",Bank_37+:_PDF_-_pytania_końcowe Bank_37_plus
Czy wynik kafli 768 jest w pełni wiarygodny?,"Wskazuje przewagę tej rodziny w przeprowadzonym protokole, ale nie oddziela czysto wpływu geometrii od liczby kroków treningowych. Potrzebne byłyby stałe optimizer steps i wiele seedów.",Bank_37+:_PDF_-_pytania_końcowe Bank_37_plus
Jak poprawiłby Pan lokalizację tekstu?,"Zbudowałbym anotowany zbiór partytur, zastosował fine-tuning pretrenowanego encodera, ocenę end-to-end cropów i sylab oraz porównał segmentację z DBNet/CRAFT i multi-task wykrywaniem pięciolinii.",Bank_37+:_PDF_-_pytania_końcowe Bank_37_plus
Dlaczego model akustyczny i wokoder są osobne?,"Rozdzielają zadanie symboliczny-input-mel od mel-waveform, pozwalają używać różnych danych, strat i metryk oraz diagnozować, czy problem powstaje przed czy po mel-spektrogramie.",Bank_37+:_PDF_-_pytania_końcowe Bank_37_plus
"Dlaczego predicted F0 jest potrzebne, skoro score daje lepszy wynik?","Predicted F0 może dostarczać naturalną mikroprozodię i odchylenia wykonawcze. Wyniki pokazują jednak, że dla ścisłej kontroli melodii powinno być ograniczane lub mieszane ze score, dopóki model nie przewiduje go stabilniej.",Bank_37+:_PDF_-_pytania_końcowe Bank_37_plus
Jak udowodniłby Pan poprawę naturalności?,"Zaślepionym testem słuchowym MOS lub porównaniami parowymi, na większym zestawie utworów, z osobnymi pytaniami o naturalność, intelligibility, pitch i barwę, wraz z przedziałami ufności i odpowiednią liczbą słuchaczy.",Bank_37+:_PDF_-_pytania_końcowe Bank_37_plus
"Jak działają erozja, dylatacja, opening i closing?","Erozja zmniejsza białe lub aktywne obszary i usuwa drobne elementy, dylatacja je rozszerza. Opening to erozja połączona z dylatacją, przydatna do usuwania małych zakłóceń. Closing to dylatacja połączona z erozją, przydatna do domykania przerw w kreskach i maskach.",Bank_37+:_szybki_bank_Michał Bank_37_plus
Dlaczego operacje morfologiczne są przydatne dla pięciolinii?,"Linie pięciolinii są długie, cienkie i prawie poziome, więc dobrze reagują na elementy strukturalne dopasowane do takiej geometrii. Morfologia pomaga wykrywać, wzmacniać, usuwać albo grupować linie, zanim wynik trafi do OCR, OMR lub postprocessingu.",Bank_37+:_szybki_bank_Michał Bank_37_plus
Jak zachować bboxy po transformacji perspektywicznej?,"Trzeba zastosować tę samą macierz homografii do narożników bboxa lub maski co do obrazu. Po transformacji wyznacza się nowy prostokąt obejmujący przetransformowane punkty albo przechowuje czworokąt, jeśli model obsługuje orientowane adnotacje.",Bank_37+:_szybki_bank_Michał Bank_37_plus
"Jak dropout, weight decay i augmentacja ograniczają overfitting?","Dropout utrudnia współadaptację neuronów, weight decay karze zbyt duże wagi, a augmentacja zwiększa różnorodność danych bez ręcznego zbierania nowych przykładów. Wszystkie trzy metody zmniejszają ryzyko zapamiętania zbioru treningowego, ale nie zastępują poprawnego podziału train/validation/test.",Bank_37+:_szybki_bank_Michał Bank_37_plus
Jak działa ReduceLROnPlateau?,"Scheduler obserwuje wybraną metrykę, najczęściej validation loss. Jeśli przez ustaloną liczbę epok nie ma poprawy, zmniejsza learning rate, aby model mógł wykonywać mniejsze kroki i doprecyzować minimum.",Bank_37+:_szybki_bank_Michał Bank_37_plus
Co robi early stopping i jakie ma ryzyko?,"Early stopping kończy trening, gdy metryka walidacyjna przestaje się poprawiać. Chroni przed overfittingiem i oszczędza czas, ale przy małej lub zaszumionej walidacji może zatrzymać trening za wcześnie albo wybrać przypadkowo dobry checkpoint.",Bank_37+:_szybki_bank_Michał Bank_37_plus
Dlaczego mixed precision przyspiesza trening?,"Mixed precision używa obliczeń FP16 lub BF16 tam, gdzie nie trzeba pełnej precyzji FP32. Zmniejsza zużycie pamięci i przyspiesza operacje na GPU z Tensor Cores, ale wymaga kontroli stabilności numerycznej, np. przez loss scaling.",Bank_37+:_szybki_bank_Michał Bank_37_plus
Dlaczego macro-mAP traktuje rzadką i częstą klasę podobnie?,"Macro-mAP liczy wynik osobno dla klas, a potem je uśrednia, więc każda klasa ma podobną wagę niezależnie od liczby przykładów. Dzięki temu widać problemy klas rzadkich, ale wynik może być niestabilny, gdy klasa ma bardzo mały support.",Bank_37+:_szybki_bank_Michał Bank_37_plus
Jak kalibrować confidence detektora?,"Można dobrać progi na zbiorze walidacyjnym, użyć reliability diagrams, temperatury, Platt scalingu lub isotonic regression. Celem jest, aby confidence odpowiadało realnemu prawdopodobieństwu poprawnej detekcji, a nie tylko rankingowi predykcji.",Bank_37+:_szybki_bank_Michał Bank_37_plus
Dlaczego AP dla klas z jedną instancją jest niestabilne?,"Przy bardzo małym supporcie pojedyncza trafiona lub pominięta predykcja silnie zmienia precision, recall i kształt krzywej PR. Taki AP bardziej pokazuje losowość konkretnego przykładu niż stabilną jakość klasy.",Bank_37+:_szybki_bank_Michał Bank_37_plus
Jak zbadać wpływ maskowania tekstu na OMR?,"Należy porównać OMR na tych samych stronach z maskowaniem i bez maskowania tekstu, najlepiej przy tych samych checkpointach, progach i seedach. Warto mierzyć mAP, błędy klas sąsiadujących z tekstem oraz końcowy wpływ na Score IR.",Bank_37+:_szybki_bank_Michał Bank_37_plus
Jak zmierzyć czas i pamięć inferencji dla różnych kafli?,"Dla każdej konfiguracji kafla trzeba mierzyć liczbę kafli na stronę, czas preprocessingu, czas modelu, czas scalania NMS oraz szczytowe zużycie pamięci GPU. Porównanie powinno używać tych samych stron, batch size i sprzętu.",Bank_37+:_szybki_bank_Michał Bank_37_plus
Jak zaprojektować active learning dla trudnych klas?,"Model wskazuje przykłady o wysokiej niepewności, częstych konfliktach klas lub dużym wpływie na Score IR. Człowiek anotuje tylko wybrane przypadki, po czym model jest douczany. W OMR sensowne są szczególnie rzadkie symbole, małe obiekty i pomyłki typu stem/barline.",Bank_37+:_szybki_bank_Michał Bank_37_plus
"Czy syntetyczne dane są wadą, czy zaletą?","Są zaletą, bo dają dużo tanich, precyzyjnie anotowanych przykładów i kontrolę klas. Są wadą, jeśli różnią się od prawdziwych skanów lub zdjęć. Najlepszy protokół łączy syntetykę z realnym testem i analizą przesunięcia domenowego.",Bank_37+:_szybki_bank_Michał Bank_37_plus
Jak rozróżnić pauzę od braku detekcji?,"Pauza jest jawnie wykrytym lub wywnioskowanym symbolem z czasem trwania, a brak detekcji oznacza niepewność albo lukę w obserwacji. W Score IR warto przechowywać źródło decyzji: detected rest, synthetic rest lub warning, zamiast udawać, że wszystkie przypadki są równie pewne.",Bank_37+:_szybki_bank_Igor Bank_37_plus
Jak działa znak przykluczowy i jego zasięg?,"Znak przykluczowy ustala domyślne podwyższenia lub obniżenia dla określonych klas wysokości w całym fragmencie, zwykle do zmiany tonacji. Wpływa na nuty danej nazwy niezależnie od oktawy, chyba że lokalny znak chromatyczny w takcie zmienia interpretację.",Bank_37+:_szybki_bank_Igor Bank_37_plus
Jak rozpoznać takt przedtaktowy?,"Takt przedtaktowy ma mniejszą sumę wartości rytmicznych niż metrum i pojawia się na początku utworu. Często uzupełnia się z ostatnim taktem do pełnego metrum, więc interpretacja wymaga kontekstu całej frazy lub zapisu.",Bank_37+:_szybki_bank_Igor Bank_37_plus
Jak obsłużyć polifonię i wiele głosów?,"Trzeba rozdzielić zdarzenia na głosy lub warstwy czasowe, zachować współbrzmienia i osobne rytmy, a następnie zdecydować, która linia jest wokalna. W SVS pojedynczego głosu polifonia wymaga redukcji, wyboru melodii albo osobnych ścieżek dla różnych głosów.",Bank_37+:_szybki_bank_Igor Bank_37_plus
Jak reprezentować akord w SVS?,"Dla pojedynczego śpiewaka akord zwykle nie jest jednym zdarzeniem do zaśpiewania, więc trzeba wybrać linię melodyczną albo rozdzielić akord na głosy. Jeśli system wspiera wiele głosów, akord można reprezentować jako równoczesne nuty z tym samym onsetem i osobnymi wysokościami.",Bank_37+:_szybki_bank_Igor Bank_37_plus
Jak działa CMUdict?,"CMUdict mapuje angielskie słowa na sekwencje fonemów ARPAbet, często z oznaczeniem akcentu. System najpierw normalizuje słowo, szuka wpisu w słowniku, a dla brakujących słów używa fallbacku, np. modelu grapheme-to-phoneme.",Bank_37+:_szybki_bank_Igor Bank_37_plus
Co oznaczają akcenty w ARPAbet?,"Cyfry przy samogłoskach oznaczają akcent: 0 brak akcentu, 1 akcent główny, 2 akcent poboczny. W śpiewie pomagają planować rytm, energię i naturalność wymowy, choć partytura nadal narzuca wysokość i czas.",Bank_37+:_szybki_bank_Igor Bank_37_plus
Czym różni się voiced/unvoiced od rest?,"Voiced/unvoiced opisuje, czy ramka mowy lub śpiewu ma okresową strukturę i F0. Rest oznacza muzyczną pauzę, czyli brak śpiewanego dźwięku w partyturze. Spółgłoska bezdźwięczna może być unvoiced, ale nie musi być pauzą.",Bank_37+:_szybki_bank_Igor Bank_37_plus
Co to jest formant i dlaczego wpływa na barwę?,"Formant to rezonans traktu głosowego wzmacniający określone pasma częstotliwości. Formanty decydują o samogłoskach i barwie głosu, dlatego sama kontrola F0 nie wystarcza do zachowania naturalnej tożsamości głosu.",Bank_37+:_szybki_bank_Igor Bank_37_plus
Dlaczego transpozycja bez korekty formantów może zmieniać barwę?,Zmiana wysokości przez proste przesunięcie widma może przesunąć także rezonanse traktu głosowego. Wtedy głos brzmi nienaturalnie albo jak inny śpiewak. Dlatego w wysokiej jakości syntezie oddziela się pitch od obwiedni/formantów.,Bank_37+:_szybki_bank_Igor Bank_37_plus
Dlaczego GAN może być niestabilny?,"Generator i dyskryminator uczą się jednocześnie w grze minimaksowej. Jeśli jeden z nich dominuje, gradienty mogą zanikać, oscylować albo prowadzić do mode collapse. Stabilizacji pomagają m.in. feature matching, dobrane learning rate i odpowiednia architektura dyskryminatorów.",Bank_37+:_szybki_bank_Igor Bank_37_plus
Co to jest mode collapse?,"Mode collapse oznacza, że generator produkuje mało zróżnicowane wyniki mimo różnych wejść. W audio może to oznaczać podobne artefakty, ubogą barwę lub ignorowanie części warunków wejściowych.",Bank_37+:_szybki_bank_Igor Bank_37_plus
Jak odróżnić błąd octave F0 od realnego fałszu modelu?,"Trzeba porównać estymację F0 z partyturą, odsłuchem i ciągłością konturu. Błąd oktawowy estymatora często jest dokładnie około 1200 centów i może nie być słyszalnym fałszem modelu, tylko błędem narzędzia pomiarowego.",Bank_37+:_szybki_bank_Igor Bank_37_plus
Jak mierzyć intelligibility śpiewu?,"Najlepiej testem słuchowym, w którym słuchacze zapisują lub wybierają rozpoznany tekst, albo automatycznie przez ASR/phoneme recognizer jako wskaźnik pomocniczy. Należy oddzielić zrozumiałość tekstu od naturalności i poprawności wysokości.",Bank_37+:_szybki_bank_Igor Bank_37_plus
Jakie informacje ze Score IR nie są jeszcze wykorzystywane przez SVS?,"Potencjalnie niewykorzystane mogą być confidence, ostrzeżenia, alternatywne hipotezy, pełna artykulacja, dynamika, frazowanie, łuki, relacje głosów i informacja o pochodzeniu napraw. SVS może używać ich do kontroli ekspresji i niepewności zamiast tylko nut, tekstu i F0.",Bank_37+:_szybki_bank_Igor Bank_37_plus
